player_name,player_position,height,nationality,date_of_birth,weight
Brahim DÃ­az,Forward,171cm,Spain,03/08/1999,
James Milner,Midfielder,175cm,England,04/01/1986,70
Saman Ghoddos,Forward,176cm,Iran,06/09/1993,75
Collin Quaner,Forward,191cm,Germany,18/06/1991,
Luke Plange,Forward,178cm,England,04/11/2002,
Jerome Opoku,Defender,194cm,England,14/10/1998,
Evan Ferguson,Forward,,Ireland,19/10/2004,
Kwadwo Baah,Midfielder,,Germany,27/01/2003,
Joel Robles,Goalkeeper,195cm,Spain,17/06/1990,
Lukas Rupp,Midfielder,178cm,Germany,08/01/1991,73
Ben Whitfield,Midfielder,165cm,England,28/02/1996,
Jacob Montes,Midfielder,,United States,20/10/1998,
Wout Weghorst,Forward,197cm,Netherlands,07/08/1992,84
Jordon Ibe,Forward,176cm,England,08/12/1995,
Lukas Jensen,Goalkeeper,198cm,Denmark,18/03/1999,
Jonjoe Kenny,Defender,176cm,England,15/03/1997,67
Kenneth Zohore,Forward,189cm,Denmark,31/01/1994,
Mason Bloomfield,Forward,191cm,England,04/11/1996,
Daniel Jebbison,Forward,190cm,England,11/07/2003,
Harry Kane,Forward,188cm,England,28/07/1993,86
Dion Sanderson,Defender,,England,15/12/1999,
Tom Carroll,Midfielder,177cm,England,28/05/1992,
Dennis Adeniran,Midfielder,180cm,England,02/01/1999,
Karl Darlow,Goalkeeper,190cm,England,08/10/1990,88
Jordy Hiwula-Mayifuila,Forward,178cm,England,21/09/1994,
Tammy Abraham,Forward,190cm,England,02/10/1997,
Bernd Leno,Goalkeeper,190cm,Germany,04/03/1992,83
Dani Ceballos,Midfielder,179cm,Spain,07/08/1996,
Ragnar Klavan,Defender,187cm,Estonia,30/10/1985,
Jordan Zemura,Defender,,Zimbabwe,14/11/1999,
Jude Soonsup-Bell,Forward,,England,10/01/2004,
Jacob Maddox,Midfielder,179cm,England,03/11/1998,
Vincent Angelini,Goalkeeper,186cm,Scotland,12/09/2003,
Ethan Galbraith,Midfielder,175cm,Northern Ireland,11/05/2001,
David de Gea,Goalkeeper,192cm,Spain,07/11/1990,76
Jay-Roy Grot,Forward,193cm,Netherlands,13/03/1998,
Semi Ajayi,Defender,193cm,Nigeria,09/11/1993,
Georginio Wijnaldum,Midfielder,175cm,Netherlands,11/11/1990,
Joe Powell,Midfielder,178cm,England,30/10/1998,
Aymeric Laporte,Defender,191cm,Spain,27/05/1994,86
Benjamin White,Defender,182cm,England,08/10/1997,78
Anton Walkes,Defender,187cm,England,08/02/1997,
Kayne Ramsay,Defender,,England,10/10/2000,
Kalvin Phillips,Midfielder,178cm,England,02/12/1995,72
Mads Roerslev,Defender,184cm,Denmark,24/06/1999,77
Maya Yoshida,Defender,189cm,Japan,24/08/1988,
Filip Krovinovic,Midfielder,175cm,Croatia,29/08/1995,
Simon Mignolet,Goalkeeper,193cm,Belgium,06/03/1988,
Josh Maja,Forward,180cm,Nigeria,27/12/1998,
Moise Kean,Forward,183cm,Italy,28/02/2000,
Tariqe Fosu-Henry,Midfielder,180cm,Ghana,05/11/1995,75
Andreas SÃ¶ndergaard,Goalkeeper,189cm,Denmark,17/01/2001,
Steven Bergwijn,Forward,178cm,Netherlands,08/10/1997,78
Pontus Jansson,Defender,194cm,Sweden,13/02/1991,89
Mikel Merino,Midfielder,188cm,Spain,22/06/1996,
Aboubakar Kamara,Forward,177cm,Mauritania,07/03/1995,
Michael Keane,Defender,191cm,England,11/01/1993,82
Christian Kabasele,Defender,187cm,Belgium,24/02/1991,84
Matz Sels,Goalkeeper,191cm,Belgium,26/02/1992,
James Norris,Defender,,England,04/04/2003,
Marc Leonard,Midfielder,,Scotland,19/12/2001,
Anders Lindegaard,Goalkeeper,193cm,Denmark,13/04/1984,
Lewis Cass,Defender,,England,27/02/2000,
Ainsley Maitland-Niles,Midfielder,177cm,England,29/08/1997,
Zak Brunt,Midfielder,,England,17/11/2001,
Angel Gomes,Midfielder,161cm,England,31/08/2000,
Tyrone Mings,Defender,196cm,England,13/03/1993,77
Ramadan Sobhi,Midfielder,189cm,Egypt,23/01/1997,
Philip Heise,Defender,184cm,Germany,20/06/1991,
Liam Millar,Forward,81cm,Canada,27/09/1999,
Fernandinho,Midfielder,179cm,Brazil,04/05/1985,67
Samir Nasri,Midfielder,175cm,France,26/06/1987,
Ryan Astley,Defender,,Wales,04/10/2001,
Manuel Lanzini,Midfielder,167cm,Argentina,15/02/1993,59
Conor Coady,Defender,185cm,England,25/02/1993,73
Ibrahima KonatÃ©,Defender,194cm,France,25/05/1999,95
Rayan AÃ¯t-Nouri,Defender,179cm,France,06/06/2001,70
Joel Senior,Defender,,England,24/06/1999,
Thakgalo Leshabela,Midfielder,175cm,South Africa,18/09/1999,
Aston Oxborough,Goalkeeper,,England,09/05/1998,
Billy Gilmour,Midfielder,166cm,Scotland,11/06/2001,60
Alex Denny,Midfielder,186cm,England,12/04/2000,
Kazeem Olaigbe,Forward,,Belgium,02/01/2003,
Ryan Inniss,Defender,196cm,England,05/06/1995,
Keinan Davis,Forward,191cm,England,13/02/1998,
Maurizio Pochettino,Midfielder,,Spain,30/03/2001,
Cameron Carter-Vickers,Defender,183cm,United States,31/12/1997,
Dennis Praet,Midfielder,181cm,Belgium,14/05/1994,
Xavier Simons,Midfielder,,England,20/02/2003,
Pedro Neto,Forward,172cm,Portugal,09/03/2000,69
Alireza Jahanbakhsh,Forward,180cm,Iran,11/08/1993,
Onel HernÃ¡ndez,Midfielder,172cm,Cuba,01/02/1993,
Danel Sinani,Midfielder,185cm,Luxembourg,05/04/1997,
Ryan Finnigan,Midfielder,,England,23/09/2003,
Isaac Christie-Davies,Midfielder,188cm,Wales,18/10/1997,
Curtis Jones,Midfielder,185cm,England,30/01/2001,75
Wesley Fofana,Defender,190cm,France,17/12/2000,
Sergio ReguilÃ³n,Defender,178cm,Spain,16/12/1996,68
Andrew Robertson,Defender,178cm,Scotland,11/03/1994,64
Stipe Perica,Forward,192cm,Croatia,07/07/1995,
Matthew Clarke,Defender,185cm,England,22/09/1996,
Michael Tait,Forward,,England,29/01/2001,
Christian Atsu,Midfielder,165cm,Ghana,10/01/1992,
Antef Tsoungui,Defender,,England,30/12/2002,
NÃ©lson Semedo,Defender,177cm,Portugal,16/11/1993,67
Sam McQueen,Midfielder,180cm,England,06/02/1995,
Nacho Monreal,Defender,179cm,Spain,26/02/1986,
Etienne Capoue,Midfielder,189cm,France,11/07/1988,
Christian Walton,Goalkeeper,182cm,England,09/11/1995,
Yoane Wissa,Midfielder,176cm,DR Congo,03/09/1996,74
James Chester,Defender,180cm,Wales,23/01/1989,
Andy Carroll,Forward,193cm,England,06/01/1989,
Paris Maghoma,Midfielder,,England,08/05/2001,
Tariq Lamptey,Defender,,England,30/09/2000,
Haydon Roberts,Defender,,England,10/05/2002,
Luca Ashby-Hammond,Goalkeeper,,England,25/03/2001,
Tosin Adarabioyo,Defender,196cm,England,24/09/1997,
Yerry Mina,Defender,195cm,Colombia,23/09/1994,94
Mikkel Diskerud,Midfielder,184cm,United States,02/10/1990,
Nathan Redmond,Midfielder,173cm,England,06/03/1994,69
Jack Payne,Midfielder,165cm,England,25/10/1994,
Morgan Boyes,Defender,177cm,Wales,22/04/2001,
HÃ©lder Costa,Forward,178cm,Angola,12/01/1994,
Ben Osborn,Midfielder,176cm,England,05/08/1994,
Akin Famewo,Defender,187cm,England,09/11/1998,
Cenk Tosun,Forward,183cm,Turkey,07/06/1991,78
Diogo Jota,Forward,178cm,Portugal,04/12/1996,68
Andi Zeqiri,Forward,181cm,Switzerland,22/06/1999,
Dejan Kulusevski,Midfielder,186cm,Sweden,25/04/2000,80
Morgan Schneiderlin,Midfielder,181cm,France,08/11/1989,
Adam Lallana,Midfielder,172cm,England,10/05/1988,73
Herbie Kane,Midfielder,177cm,England,23/11/1998,
TrÃ©zÃ©guet,Midfielder,180cm,Egypt,01/10/1994,
Steve Cook,Defender,185cm,England,19/04/1991,
John-Kymani Gordon,Forward,,England,13/02/2003,
Maximilian Kilman,Defender,,England,23/05/1997,
Isaac Mabaya,Midfielder,,England,22/09/2004,
VÃ­tezslav Jaros,Goalkeeper,,Czech Republic,23/07/2001,
Ki Sung-Yeung,Midfielder,189cm,South Korea,24/01/1989,
Mason Holgate,Defender,184cm,England,22/10/1996,63
Alexander Tettey,Midfielder,180cm,Norway,04/04/1986,
Ben Johnson,Defender,175cm,England,24/01/2000,67
Mihai-Alexandru Dobre,Midfielder,185cm,Romania,30/08/1998,
Melvin Sitti,Midfielder,182cm,France,14/02/2000,
Andy Lonergan,Goalkeeper,192cm,England,19/10/1983,87
Lucas De Bolle,Midfielder,,Scotland,22/10/2002,
Jonathan Rowe,Forward,173cm,England,30/04/2003,
Jake Vokins,Defender,180cm,England,17/03/2000,
Michael Craig,Midfielder,,Scotland,16/04/2003,
Abdul Rahman Baba,Defender,180cm,Ghana,02/07/1994,
Taiwo Awoniyi,Forward,183cm,Nigeria,12/08/1997,
Davide Zappacosta,Defender,185cm,Italy,11/06/1992,
Pedro Porro,Defender,173cm,Spain,13/09/1999,
Matthew Kennedy,Midfielder,175cm,Northern Ireland,01/11/1994,
Romaine Mundle,Midfielder,,England,24/04/2003,
Nuno Tavares,Defender,183cm,Portugal,26/01/2000,75
Luke Bolton,Midfielder,174cm,England,07/10/1999,
Ellis Simms,Forward,,England,05/01/2001,
TiemouÃ© Bakayoko,Midfielder,185cm,France,17/08/1994,
Sheyi Ojo,Midfielder,177cm,England,19/06/1997,
Jake Livermore,Midfielder,181cm,England,14/11/1989,
Anthony Pilkington,Midfielder,180cm,Ireland,06/06/1988,
Ross McCormack,Forward,175cm,Scotland,18/08/1986,
Willy Boly,Defender,195cm,Cote Dâ€™Ivoire,03/02/1991,92
Jeff Hendrick,Midfielder,185cm,Ireland,31/01/1992,
Elliot Anderson,Midfielder,,Scotland,06/11/2002,
Theo Corbeanu,Forward,190cm,Canada,17/05/2002,
Pape SouarÃ©,Defender,178cm,Senegal,06/06/1990,
Kieron Freeman,Defender,178cm,Wales,21/03/1992,
Odsonne Ã‰douard,Forward,187cm,France,16/01/1998,83
Wes Morgan,Defender,186cm,Jamaica,21/01/1984,
Ben Gibson,Defender,185cm,England,15/01/1993,78
Tawanda Maswanhise,Midfielder,,England,20/11/2002,
James Hillson,Goalkeeper,,England,14/01/2001,
Jordy Clasie,Midfielder,169cm,Netherlands,27/06/1991,
Jefferson Lerma,Midfielder,179cm,Colombia,25/10/1994,
Robbie Burton,Midfielder,176cm,Wales,26/12/1999,
Will Hughes,Midfielder,185cm,England,17/04/1995,74
Ander Herrera,Midfielder,182cm,Spain,14/08/1989,
Ross Barkley,Midfielder,189cm,England,05/12/1993,76
Rob Holding,Defender,189cm,England,20/09/1995,75
Phil Jagielka,Defender,180cm,England,17/08/1982,
Teddy Sharman-Lowe,Goalkeeper,189cm,England,30/03/2003,73
Matt Ritchie,Midfielder,172cm,Scotland,10/09/1989,76
Ferran Torres,Forward,184cm,Spain,29/02/2000,
Brad Smith,Defender,178cm,Australia,09/04/1994,
Meritan Shabani,Midfielder,185cm,Germany,15/03/1999,
Allan,Midfielder,173cm,Brazil,08/01/1991,73
Gavin Kilkenny,Midfielder,,Ireland,01/02/2000,
Tayo Edun,Midfielder,170cm,England,14/05/1998,
Louie Moulden,Goalkeeper,,England,06/01/2002,
Shane Duffy,Defender,193cm,Ireland,01/01/1992,76
Tashan Oakley-Boothe,Midfielder,182cm,England,14/02/2000,
Kelechi Iheanacho,Forward,185cm,Nigeria,03/10/1996,82
Jazz Richards,Defender,185cm,Wales,12/04/1991,
Arthur Okonkwo,Goalkeeper,198cm,England,09/09/2001,
Michal Zyro,Forward,187cm,Poland,20/09/1992,
Ryan Alebiosu,Defender,,England,17/12/2001,
Alfie McCalmont,Midfielder,,Northern Ireland,25/03/2000,
Gabriel Jesus,Forward,175cm,Brazil,03/04/1997,73
Nikola Tavares,Defender,,Croatia,17/01/1999,
Bradley Collins,Goalkeeper,184cm,England,18/02/1997,
Ollie Watkins,Forward,180cm,England,30/12/1995,70
Jayden Harris,Midfielder,,England,04/09/1999,
Per Mertesacker,Defender,198cm,Germany,29/09/1984,
Okay Yokuslu,Midfielder,190cm,Turkey,09/03/1994,
Jean-Philippe Gbamin,Midfielder,186cm,Cote Dâ€™Ivoire,25/09/1995,
Thiago,Midfielder,174cm,Spain,11/04/1991,70
Pablo Moreno,Forward,174cm,Spain,03/05/2002,
Regan Slater,Midfielder,173cm,England,11/09/1999,
Aaron Tshibola,Midfielder,190cm,DR Congo,02/01/1995,
Richarlison,Forward,184cm,Brazil,10/05/1997,83
Richairo Zivkovic,Forward,187cm,Netherlands,05/09/1996,
Oliver Skipp,Midfielder,175cm,England,16/09/2000,70
Eberechi Eze,Midfielder,,England,29/06/1998,
Kayky,Forward,175cm,Brazil,11/06/2003,68
Andros Townsend,Midfielder,181cm,England,16/07/1991,77
Willian,Forward,175cm,Brazil,09/08/1988,
Mathias Normann,Midfielder,179cm,Norway,28/05/1996,75
Philip Billing,Midfielder,193cm,Denmark,11/06/1996,
Malachi Fagan-Walcott,Defender,,England,11/03/2002,
Jon McCracken,Goalkeeper,,Scotland,24/05/2000,
Jamal Baptiste,Defender,,England,11/11/2003,
Stephen Duke-McKenna,Midfielder,,Guyana,17/08/2000,
Sean Raggett,Defender,181cm,England,17/04/1993,
George Marsh,Midfielder,178cm,England,05/11/1998,
Marcus Bettinelli,Goalkeeper,194cm,England,24/05/1992,82
Jack Bearne,Midfielder,,England,15/09/2001,
Charlie Daniels,Defender,178cm,England,07/09/1986,
Leighton Clarkson,Midfielder,175cm,England,19/10/2001,
JÃ©rÃ©my Pied,Defender,174cm,France,23/02/1989,
Taylor Jay-Hart,Midfielder,179cm,England,18/12/2003,
Nathan Baxter,Goalkeeper,191cm,England,08/11/1998,
Luca de la Torre,Midfielder,177cm,United States,23/05/1998,
Luke Freeman,Midfielder,181cm,England,22/03/1992,
Jack Wilshere,Midfielder,172cm,England,01/01/1992,
GaÃ«tan Bong,Defender,187cm,Cameroon,25/04/1988,
Yan Valery,Defender,180cm,France,22/02/1999,85
Tommy Elphick,Defender,180cm,England,07/09/1987,
Zan-Luk Leban,Goalkeeper,,Slovenia,15/12/2002,
Martin Cranie,Defender,183cm,England,26/09/1986,
Jonathan Hogg,Midfielder,170cm,England,06/12/1988,
Tom Davies,Midfielder,180cm,England,30/06/1998,70
Jake Eastwood,Goalkeeper,193cm,England,03/10/1996,
Charlie Whitaker,Midfielder,,England,16/09/2003,
Paulo Alves,Midfielder,176cm,Portugal,25/12/1997,
NicolÃ¡s Otamendi,Defender,183cm,Argentina,12/02/1988,
Oludare Olufunwa,Defender,,England,29/07/2001,
RÃºben Dias,Defender,186cm,Portugal,14/05/1997,76
Sam McCallum,Defender,,England,02/09/2000,
Joe Gelhardt,Forward,175cm,England,04/05/2002,65
Mark Noble,Midfielder,180cm,England,08/05/1987,70
Zanka,Defender,191cm,Denmark,23/04/1990,79
Nathan Collins,Defender,193cm,Ireland,30/04/2001,
Luke Dreher,Midfielder,184cm,England,27/11/1998,
Finley Stevens,Defender,,Wales,10/04/2003,
Neeskens Kebano,Midfielder,170cm,DR Congo,10/03/1992,
AndrÃ©-Frank Zambo Anguissa,Midfielder,184cm,Cameroon,16/11/1995,
James McAtee,Midfielder,,England,18/10/2002,
George Johnston,Defender,181cm,Scotland,01/09/1998,
Jon Flanagan,Defender,181cm,England,01/01/1993,
Lee Grant,Goalkeeper,193cm,England,27/01/1983,83
Valentino Lazaro,Midfielder,180cm,Austria,24/03/1996,
Julian Speroni,Goalkeeper,186cm,Argentina,18/05/1979,
Ã‡aglar SÃ¶yÃ¼ncÃ¼,Defender,185cm,Turkey,23/05/1996,82
Reece Welch,Defender,,England,19/09/2003,
Xande Silva,Forward,177cm,Portugal,16/03/1997,
Jean MichaÃ«l Seri,Midfielder,168cm,Cote Dâ€™Ivoire,19/07/1991,
Andi Janjeva,Defender,,Kosovo,11/10/2002,
Branislav Ivanovic,Defender,185cm,Serbia,22/02/1984,
Jaakko Oksanen,Midfielder,,Finland,07/11/2000,
Francisco Sierralta,Defender,190cm,Chile,06/05/1997,83
Max Meyer,Midfielder,173cm,Germany,18/09/1995,
Thomas Partey,Midfielder,185cm,Ghana,13/06/1993,77
Antonio Valencia,Defender,180cm,Ecuador,04/08/1985,
Jason Steele,Goalkeeper,188cm,England,18/08/1990,79
Juninho Bacuna,Midfielder,178cm,Curacao,07/08/1997,
Taylor Perry,Midfielder,,England,15/07/2001,
Martin Samuelsen,Midfielder,189cm,Norway,17/04/1997,
Angelo Ogbonna,Defender,191cm,Italy,23/05/1988,86
Ruben Loftus-Cheek,Midfielder,191cm,England,23/01/1996,88
Chem Campbell,Midfielder,,Wales,30/12/2002,
Eric GarcÃ­a,Defender,182cm,Spain,09/01/2001,
Eden Hazard,Forward,175cm,Belgium,07/01/1991,
Scott McTominay,Midfielder,193cm,Scotland,08/12/1996,88
Bernard,Forward,164cm,Brazil,08/09/1992,
Frederik Alves,Defender,195cm,Denmark,08/11/1999,
Zack Steffen,Goalkeeper,191cm,United States,02/04/1995,86
Femi Seriki,Defender,183cm,England,28/04/2002,
Benny Ashley-Seal,Forward,,England,21/11/1998,
George Hirst,Forward,191cm,England,15/02/1999,
Brennan Camp,Defender,,Scotland,12/10/2000,
ImrÃ¢n Louza,Midfielder,178cm,Morocco,01/05/1999,65
Panagiotis Retsos,Defender,186cm,Greece,09/08/1998,
Matt Butcher,Midfielder,188cm,England,14/05/1997,
Steven Defour,Midfielder,173cm,Belgium,15/04/1988,
Ezequiel Schelotto,Defender,187cm,Argentina,23/05/1989,
Kasey McAteer,Midfielder,,England,22/11/2001,
Nathan Holland,Midfielder,178cm,England,19/06/1998,
Kurt Zouma,Defender,190cm,France,27/10/1994,96
Gary Cahill,Defender,193cm,England,19/12/1985,
Reece Hannam,Defender,,England,11/09/2000,
Timothy Eyoma,Defender,183cm,England,29/01/2000,
Pablo Maffeo,Defender,172cm,Spain,12/07/1997,
Odion Ighalo,Forward,181cm,Nigeria,16/06/1989,
Bernardo Silva,Midfielder,173cm,Portugal,10/08/1994,64
Milot Rashica,Midfielder,177cm,Kosovo,28/06/1996,73
Denis SuÃ¡rez,Midfielder,176cm,Spain,06/01/1994,
Danny Rose,Defender,173cm,England,02/07/1990,72
Callum Elder,Defender,180cm,Australia,27/01/1995,
Rhys Norrington-Davies,Defender,181cm,Wales,22/04/1999,
CJ Egan-Riley,Defender,,England,02/01/2003,
Riyad Mahrez,Forward,179cm,Algeria,21/02/1991,67
Theo Walcott,Forward,176cm,England,16/03/1989,68
Ademola Lookman,Forward,174cm,Nigeria,20/10/1997,71
Toby Stevenson,Defender,,England,22/11/1999,
Corey Jordan,Defender,185cm,England,04/03/1999,
Konstantinos Tsimikas,Defender,178cm,Greece,12/05/1996,77
Trevoh Chalobah,Defender,190cm,England,05/07/1999,75
Luke Amos,Midfielder,179cm,England,23/02/1997,
Loris Karius,Goalkeeper,189cm,Germany,22/06/1993,87
Artur Boruc,Goalkeeper,193cm,Poland,20/02/1980,
Raphinha,Forward,176cm,Brazil,14/12/1996,68
Yaya TourÃ©,Midfielder,188cm,Cote Dâ€™Ivoire,13/05/1983,
Andriy Yarmolenko,Forward,189cm,Ukraine,23/10/1989,81
Cucho HernÃ¡ndez,Forward,176cm,Colombia,20/04/1999,73
Lukas Nmecha,Forward,185cm,Germany,14/12/1998,
Liam Hughes,Goalkeeper,,Northern Ireland,19/08/2001,
Kjell Scherpen,Goalkeeper,204cm,Netherlands,23/01/2000,98
Ã‰douard Mendy,Goalkeeper,197cm,Senegal,01/03/1992,86
Jakub Stolarczyk,Goalkeeper,,Poland,19/12/2000,
Thanawat Suengchitthawon,Midfielder,,Thailand,08/01/2000,
Juraj Kucka,Midfielder,186cm,Slovakia,26/02/1987,86
Harry Lewis,Goalkeeper,191cm,England,20/12/1997,77
Stephen Henderson,Goalkeeper,193cm,Ireland,02/05/1988,
Jarrad Branthwaite,Defender,195cm,England,27/06/2002,82
Ederson,Goalkeeper,188cm,Brazil,17/08/1993,86
HÃ©ctor BellerÃ­n,Defender,178cm,Spain,19/03/1995,
Kasper Schmeichel,Goalkeeper,189cm,Denmark,05/11/1986,89
Jaroslaw Jach,Defender,192cm,Poland,17/02/1994,
Emerson Royal,Defender,181cm,Brazil,14/01/1999,79
Ozan Tufan,Midfielder,179cm,Turkey,23/03/1995,
Liam McCarron,Midfielder,175cm,Scotland,07/03/2001,
Anthony Georgiou,Midfielder,179cm,Cyprus,24/02/1997,
MoisÃ©s Caicedo,Midfielder,178cm,Ecuador,02/11/2001,73
JuliÃ¡n Ãlvarez,Forward,173cm,Argentina,31/01/2000,
Sam Waller,Goalkeeper,,England,09/09/2003,
David Button,Goalkeeper,191cm,England,27/02/1989,
CristiÃ¡n Cuevas,Defender,173cm,Chile,02/04/1995,
Harvey Blair,Forward,,England,14/09/2003,
Mesut Ã–zil,Midfielder,180cm,Germany,15/10/1988,
Steven Davis,Midfielder,173cm,Northern Ireland,01/01/1985,
Toni MartÃ­nez,Forward,180cm,Spain,30/06/1997,
Bobby Thomas,Defender,,England,30/01/2001,
Tim Ream,Defender,186cm,United States,05/10/1987,
Kenny Tete,Defender,180cm,Netherlands,09/10/1995,
Dejan Lovren,Defender,188cm,Croatia,05/07/1989,
Jack Bycroft,Goalkeeper,,England,21/09/2001,
Wanya MarÃ§al-Madivadua,Midfielder,,Portugal,19/10/2002,
JoÃ£o VirgÃ­nia,Goalkeeper,198cm,Portugal,10/10/1999,
Emmanuel Dennis,Forward,175cm,Nigeria,15/11/1997,67
Marko Grujic,Midfielder,191cm,Serbia,13/04/1996,
Joseph Hardy,Forward,170cm,England,26/09/1998,
Bruno,Defender,181cm,Spain,01/10/1980,
Olarenwaju Kayode,Forward,176cm,Nigeria,08/05/1993,
Jakub Ojrzynski,Goalkeeper,,Poland,19/02/2003,
Percy Tau,Forward,175cm,South Africa,13/05/1994,
Cameron Humphreys-Grant,Defender,185cm,England,22/08/1998,
Maarten Stekelenburg,Goalkeeper,197cm,Netherlands,22/09/1982,
Henri Saivet,Midfielder,174cm,Senegal,26/10/1990,
Mark Travers,Goalkeeper,191cm,Ireland,18/05/1999,
Bernardo,Defender,186cm,Brazil,14/05/1995,
Danny Ings,Forward,178cm,England,23/07/1992,73
Antonio Barreca,Defender,180cm,Italy,18/03/1995,
Vicente Guaita,Goalkeeper,190cm,Spain,10/01/1987,81
Florent Hadergjonaj,Defender,182cm,Kosovo,31/07/1994,
SalomÃ³n RondÃ³n,Forward,186cm,Venezuela,16/09/1989,98
Jamie Shackleton,Midfielder,168cm,England,08/10/1999,65
Danilo,Defender,184cm,Brazil,15/07/1991,
Joel Ward,Defender,188cm,England,29/10/1989,83
Steve Sidwell,Midfielder,178cm,England,14/12/1982,
Caoimhin Kelleher,Goalkeeper,178cm,Ireland,23/11/1998,74
Nohan Kenneh,Midfielder,,England,10/01/2003,
Adam Leathers,Midfielder,,England,14/11/2001,
Ola Aina,Defender,184cm,Nigeria,08/10/1996,
Aaron Cresswell,Defender,170cm,England,15/12/1989,66
Tomas Kalas,Defender,183cm,Czech Republic,15/05/1993,
Baily Cargill,Defender,189cm,England,05/07/1995,
Billy Koumetio,Defender,,France,14/11/2002,
JoÃ£o Cancelo,Defender,182cm,Portugal,27/05/1994,74
Alexander SÃ¸rloth,Forward,195cm,Norway,05/12/1995,
Henry Lawrence,Defender,,England,21/09/2001,
Cheikhou KouyatÃ©,Midfielder,189cm,Senegal,21/12/1989,83
Henrikh Mkhitaryan,Midfielder,177cm,Armenia,21/01/1989,
Joel Lopez Salguero,Defender,,Spain,31/03/2002,
Auston Trusty,Defender,191cm,United States,12/08/1998,
Nathanael Ogbeta,Defender,,England,28/04/2001,
Tudor Baluta,Defender,192cm,Romania,27/03/1999,80
Cesc FÃ bregas,Midfielder,180cm,Spain,04/05/1987,
Wesley Hoedt,Defender,188cm,Netherlands,06/03/1994,
Claudio Bravo,Goalkeeper,184cm,Chile,13/04/1983,
Mattias KÃ¤it,Midfielder,186cm,Estonia,29/06/1998,
Tom Heaton,Goalkeeper,188cm,England,15/04/1986,85
Layton Ndukwu,Forward,177cm,England,07/09/1998,
Sepp van den Berg,Defender,189cm,Netherlands,20/12/2001,
Aaron O'Driscoll,Defender,188cm,Ireland,04/04/1999,
Cieran Slicker,Goalkeeper,,Scotland,15/09/2002,
Jeremy Sarmiento,Forward,,Ecuador,16/06/2002,
Connor Mahoney,Midfielder,175cm,England,12/02/1997,
Benjamin Chrisene,Midfielder,,England,12/01/2004,
Zidane Iqbal,Midfielder,,Iraq,27/04/2003,
Kieran Dowell,Midfielder,175cm,England,10/10/1997,70
Ethan Fitzhugh,Midfielder,,England,27/11/2002,
Wilfried Zaha,Forward,180cm,Cote Dâ€™Ivoire,10/11/1992,66
Harvey Vale,Midfielder,,England,11/09/2003,
Josh Murphy,Midfielder,173cm,England,24/02/1995,
Jon Thorsteinsson,Midfielder,177cm,Iceland,26/11/1998,
Antwoine Hackford,Forward,,England,20/03/2004,
Jamie Bowden,Midfielder,,Ireland,09/07/2001,
David Raya,Goalkeeper,183cm,Spain,15/09/1995,80
Wes Foderingham,Goalkeeper,185cm,England,14/01/1991,
Dara O'Shea,Defender,188cm,Ireland,04/03/1999,
Daniel Podence,Midfielder,165cm,Portugal,21/10/1995,58
Heurelho Gomes,Goalkeeper,191cm,Brazil,15/02/1981,
Adam Lewis,Defender,175cm,England,08/11/1999,
Oliver McBurnie,Forward,188cm,Scotland,04/06/1996,
Conor Bradley,Midfielder,,Northern Ireland,09/07/2003,
Ademipo Odubeko,Forward,,Ireland,21/10/2002,
Mackenzie Hunt,Midfielder,,England,14/11/2001,
Lloyd Humphries,Midfielder,,Wales,03/10/1997,
Lee Tomlin,Forward,180cm,England,12/01/1989,
Jordon Mutch,Midfielder,188cm,England,02/12/1991,
Wanya Madavidua,Midfielder,,England,,
Lee Camp,Goalkeeper,183cm,Northern Ireland,22/08/1984,
Joe Tupper,Goalkeeper,,England,15/11/1997,
Leander Dendoncker,Midfielder,188cm,Belgium,15/04/1995,83
Chicharito,Forward,175cm,Mexico,01/06/1988,
Mace Goodridge,Midfielder,180cm,England,13/09/1999,
James Tomkins,Defender,192cm,England,29/03/1989,74
Rekeem Harper,Midfielder,188cm,England,08/03/2000,
David McGoldrick,Forward,183cm,Ireland,29/11/1987,
James Storer,Goalkeeper,,England,,
CÃ©dric Soares,Defender,172cm,Portugal,31/08/1991,67
Shandon Baptiste,Midfielder,175cm,Grenada,08/04/1998,71
Petr Cech,Goalkeeper,196cm,Czech Republic,20/05/1982,
Thomas Hill,Forward,,England,13/10/2002,
Timo Werner,Forward,180cm,Germany,06/03/1996,75
Callum Wright,Midfielder,,England,02/05/2000,
Jonathan Williams,Midfielder,168cm,Wales,09/10/1993,
Billy Arce,Midfielder,178cm,Ecuador,12/07/1998,
Victor Moses,Midfielder,177cm,Nigeria,12/12/1990,
Soufyan Ahannach,Midfielder,179cm,Netherlands,09/09/1995,
Youri Tielemans,Midfielder,176cm,Belgium,07/05/1997,72
Sandro RamÃ­rez,Forward,175cm,Spain,09/07/1995,
Sam Johnstone,Goalkeeper,193cm,England,25/03/1993,
Yves Bissouma,Midfielder,182cm,Mali,30/08/1996,80
George Baldock,Defender,178cm,England,09/03/1993,
Jeff Reine-AdÃ©laÃ¯de,Midfielder,183cm,France,17/01/1998,
Ed Turns,Defender,,Wales,18/10/2002,
Kenny McLean,Midfielder,183cm,Scotland,08/01/1992,70
Sam Surridge,Forward,191cm,England,28/07/1998,
Beni Baningime,Midfielder,178cm,DR Congo,09/09/1998,
Erik Palmer-Brown,Defender,187cm,United States,24/04/1997,
Robert Elliot,Goalkeeper,190cm,Ireland,30/04/1986,94
Kamil Grosicki,Midfielder,180cm,Poland,08/06/1988,
Kaylen Hinds,Forward,179cm,England,28/01/1998,
Kane Crichlow,Midfielder,,Bermuda,21/08/2000,
Ilkay GÃ¼ndogan,Midfielder,180cm,Germany,24/10/1990,80
Max Woltman,Forward,,England,20/08/2003,
Leo Fuhr Hjelde,Defender,188cm,Norway,26/08/2003,
Bailey Peacock-Farrell,Goalkeeper,193cm,Northern Ireland,29/10/1996,
Jacob SÃ¸rensen,Midfielder,,Denmark,03/03/1998,
Arnau Puigmal,Midfielder,173cm,Spain,10/01/2001,
Robert Snodgrass,Midfielder,182cm,Scotland,07/09/1987,
Vladimir Coufal,Defender,179cm,Czech Republic,22/08/1992,76
Lewis Dunk,Defender,192cm,England,21/11/1991,88
MattÃ©o Guendouzi,Midfielder,185cm,France,14/04/1999,
Alexander Iwobi,Forward,180cm,Nigeria,03/05/1996,75
Reiss Nelson,Forward,175cm,England,10/12/1999,
Romain SaÃ¯ss,Midfielder,190cm,Morocco,26/03/1990,80
Robert SÃ¡nchez,Goalkeeper,197cm,Spain,18/11/1997,90
Adam Legzdins,Goalkeeper,190cm,England,28/11/1986,
Rocky Bushiri,Defender,186cm,Belgium,30/11/1999,
Kyle John,Defender,,England,13/02/2001,
Jonathan Kodjia,Forward,191cm,Cote Dâ€™Ivoire,22/10/1989,
John McGinn,Midfielder,178cm,Scotland,18/10/1994,68
Ben Chilwell,Defender,178cm,England,21/12/1996,77
Hayden Lindley,Midfielder,,England,02/09/2002,
Daryl Janmaat,Defender,185cm,Netherlands,22/07/1989,
Pedro Pereira,Midfielder,173cm,Portugal,28/06/1998,
Yohan Cabaye,Midfielder,174cm,France,14/01/1986,
Maksim Paskotsi,Defender,,Estonia,19/01/2003,
Rabbi Matondo,Forward,175cm,Wales,09/09/2000,
Oliver Casey,Defender,188cm,England,14/10/2000,
Josh Onomah,Midfielder,185cm,England,27/04/1997,
NÃ©lson Oliveira,Forward,186cm,Portugal,08/08/1991,
Henry Wise,Midfielder,174cm,England,01/01/2000,
Ismaila Coulibaly,Midfielder,183cm,Mali,25/12/2000,
Tim Iroegbunam,Midfielder,,England,30/06/2003,
Edo Kayembe,Midfielder,183cm,DR Congo,03/06/1998,77
FrÃ©dÃ©ric Gounongbe,Forward,191cm,Benin,01/05/1988,
Rui Fonte,Forward,179cm,Portugal,23/04/1990,
Bartosz Kapustka,Midfielder,179cm,Poland,23/12/1996,
Scott Carson,Goalkeeper,190cm,England,03/09/1985,76
Andrew Moran,Midfielder,,Ireland,15/10/2003,
Michael Olise,Midfielder,176cm,France,12/12/2001,
Joshua Sargent,Forward,185cm,United States,20/02/2000,79
Adam Masina,Defender,189cm,Morocco,02/01/1994,78
Matija Sarkic,Goalkeeper,195cm,Montenegro,23/07/1997,
AdriÃ¡n BernabÃ©,Midfielder,170cm,Spain,26/05/2001,
Emiliano Marcondes,Midfielder,182cm,Denmark,09/03/1995,
Liam Delap,Forward,,England,08/02/2003,
Cyrus Christie,Defender,188cm,Ireland,30/09/1992,
Akos Onodi,Goalkeeper,,Hungary,02/09/2001,
George Harmon,Defender,,England,08/12/2000,
Anwar El Ghazi,Midfielder,188cm,Netherlands,03/05/1995,90
Shani Tarashaj,Forward,176cm,Switzerland,07/02/1995,
Anthony Gordon,Forward,,England,24/02/2001,
Jake Doyle-Hayes,Midfielder,,Ireland,30/12/1998,
Elliott Moore,Defender,,England,16/03/1997,
Rhoys Wiggins,Defender,173cm,Wales,04/11/1987,
BjÃ¶rn Engels,Defender,193cm,Belgium,15/09/1994,
Edward Rowe,Midfielder,,England,17/10/2003,
Daniel Chesters,Midfielder,,England,04/04/2002,
Yoshinori Muto,Forward,179cm,Japan,15/07/1992,
Gregory Halford,Defender,193cm,England,08/12/1984,
Tyler Onyango,Midfielder,190cm,England,04/03/2003,
Martell Taylor-Crossdale,Midfielder,,England,26/12/1999,
Jason Denayer,Defender,184cm,Belgium,28/06/1995,
Taylor Gardner-Hickman,Defender,,England,30/12/2001,
Conor Gallagher,Midfielder,182cm,England,06/02/2000,
Jan Zamb&#367;rek,Midfielder,,Czech Republic,,NULL
LoÃ¯c Damour,Midfielder,180cm,France,08/01/1991,
Anthony Elanga,Forward,178cm,Sweden,27/04/2002,
Lucas Moura,Forward,172cm,Brazil,13/08/1992,72
Birkir Bjarnason,Midfielder,183cm,Iceland,27/05/1988,
Taylor Harwood-Bellis,Defender,188cm,England,30/01/2002,
John Fleck,Midfielder,170cm,Scotland,24/08/1991,
Carney Chukwuemeka,Midfielder,,England,20/10/2003,
James Trafford,Goalkeeper,,England,10/10/2002,
Timi Odusina,Defender,,England,28/10/1999,
Elliot Watt,Midfielder,175cm,Scotland,11/03/2000,
Harry McKirdy,Forward,175cm,England,29/03/1997,
Miguel AlmirÃ³n,Midfielder,174cm,Paraguay,10/02/1994,70
Hugo Lloris,Goalkeeper,188cm,France,26/12/1986,82
Lewis Bate,Midfielder,,England,28/10/2002,
Xavier Mbuyamba,Defender,,Netherlands,31/12/2001,
HÃ¥vard Nordtveit,Defender,188cm,Norway,21/06/1990,
Alpha Richard Dionkou,Defender,183cm,Senegal,10/10/2001,
Nikola Vlasic,Midfielder,178cm,Croatia,04/10/1997,72
Luke Ayling,Defender,185cm,England,25/08/1991,72
Sullay Kaikai,Forward,182cm,Sierra Leone,26/08/1995,
Luis DÃ­az,Forward,178cm,Colombia,13/01/1997,65
Ethan Ampadu,Defender,183cm,Wales,14/09/2000,
Niall Huggins,Defender,,Wales,18/12/2000,
Gabriel MagalhÃ£es,Defender,190cm,Brazil,19/12/1997,78
Kean Bryan,Defender,185cm,England,01/11/1996,
Matthew Cox,Goalkeeper,,England,02/05/2003,
Josh Sims,Midfielder,174cm,England,28/03/1997,
Jack Rodwell,Midfielder,188cm,England,11/03/1991,
Donny van de Beek,Midfielder,184cm,Netherlands,18/04/1997,76
Lucas Torreira,Midfielder,168cm,Uruguay,11/02/1996,
Conor Masterson,Defender,,Ireland,08/09/1998,
Adam Webster,Defender,191cm,England,04/01/1995,75
Joshua Wilson-Esbrand,Defender,,England,26/12/2002,
Hamza Choudhury,Midfielder,178cm,England,01/10/1997,64
Jordan Ayew,Forward,182cm,Ghana,11/09/1991,80
Japhet Tanganga,Defender,184cm,England,31/03/1999,76
Jay Stansfield,Forward,,England,24/11/2002,
Mikki van Sas,Goalkeeper,,Netherlands,29/02/2004,
Bobby De Cordova-Reid,Forward,170cm,Jamaica,02/02/1993,
Kaine Hayden,Defender,,England,23/10/2002,
Josh Cullen,Midfielder,175cm,Ireland,07/04/1996,
Vlad Dragomir,Midfielder,178cm,Romania,24/04/1999,
Nampalys Mendy,Midfielder,167cm,Senegal,23/06/1992,73
Conor Washington,Forward,178cm,Northern Ireland,18/05/1992,
Callum Hudson-Odoi,Forward,182cm,England,07/11/2000,76
Daniel Barden,Goalkeeper,195cm,Wales,02/01/2001,
Mile Jedinak,Midfielder,189cm,Australia,03/08/1984,
Romain Perraud,Defender,173cm,France,22/09/1997,68
Elias Sorensen,Forward,,Denmark,18/09/1999,
Calum Chambers,Defender,182cm,England,20/01/1995,66
Yaser Asprilla,Midfielder,185cm,Colombia,19/11/2003,
Eldin Jakupovic,Goalkeeper,191cm,Switzerland,02/10/1984,85
Ralf FÃ¤hrmann,Goalkeeper,197cm,Germany,27/09/1988,
Jamie Sterry,Defender,180cm,England,21/11/1995,
Pablo Fornals,Midfielder,178cm,Spain,22/02/1996,67
Moritz Jenz,Defender,190cm,Germany,30/04/1999,
Matthew Craig,Midfielder,,Scotland,16/04/2003,
Samir Carruthers,Midfielder,173cm,Ireland,04/04/1993,
Viktor GyÃ¶keres,Forward,187cm,Sweden,04/06/1998,
Dylan Williams,Defender,,England,13/09/2003,
Filip Benkovic,Defender,194cm,Croatia,13/07/1997,
Harry Burgoyne,Goalkeeper,195cm,England,28/12/1996,
Tahith Chong,Forward,185cm,Netherlands,04/12/1999,
Asmir Begovic,Goalkeeper,199cm,Bosnia & Herzegovina,20/06/1987,101
Jack Spong,Midfielder,,England,04/02/2002,
Brandon Austin,Goalkeeper,188cm,England,07/01/1999,82
Kaoru Mitoma,Forward,178cm,Japan,20/05/1997,
Mateusz Klich,Midfielder,183cm,Poland,13/06/1990,84
Daniel Langley,Goalkeeper,,England,28/12/2000,
Tyler Morton,Midfielder,,England,31/10/2002,
Ahmed Hegazi,Defender,193cm,Egypt,25/01/1991,
William Troost-Ekong,Defender,191cm,Nigeria,01/09/1993,82
Edimilson Fernandes,Midfielder,187cm,Switzerland,15/04/1996,
Olivier Giroud,Forward,192cm,France,30/09/1986,
Nathan Broadhead,Forward,178cm,Wales,05/04/1998,
Mark Gillespie,Goalkeeper,192cm,England,27/03/1992,83
Jack Bodenham,Defender,,Wales,29/09/1999,
George Broadbent,Midfielder,188cm,England,30/09/2000,
Gedson Fernandes,Midfielder,182cm,Portugal,09/01/1999,
George McEachran,Midfielder,172cm,England,30/08/2000,
Andrew Crofts,Midfielder,175cm,Wales,29/05/1984,
Reece McAlear,Midfielder,185cm,Scotland,12/02/2002,
Ãlvaro Morata,Forward,190cm,Spain,23/10/1992,
Luis Longstaff,Midfielder,168cm,England,24/02/2001,
Chris Smalling,Defender,194cm,England,22/11/1989,
Freddie Woodman,Goalkeeper,188cm,England,04/03/1997,
Lee Peltier,Defender,178cm,England,11/12/1986,
Dexter Lembikisa,Defender,,England,04/11/2003,
Domingos Quina,Midfielder,179cm,Portugal,18/11/1999,
Pedro,Forward,169cm,Spain,28/07/1987,
Jack Simpson,Defender,178cm,England,18/12/1996,
Mauro ZÃ¡rate,Forward,176cm,Argentina,18/03/1987,
Bobby Duncan,Forward,,England,26/06/2001,
Junior Hoilett,Midfielder,173cm,Canada,05/06/1990,
Ibrahim Amadou,Midfielder,183cm,France,06/04/1993,
Brooklyn Lyons-Foster,Defender,,England,01/12/2000,
Lucas PÃ©rez,Forward,180cm,Spain,10/09/1988,
Ali Koiki,Defender,,England,22/08/1999,
Jack Cork,Midfielder,183cm,England,25/06/1989,70
LÃ©o Bonatini,Forward,185cm,Brazil,28/03/1994,
Fernando Llorente,Forward,193cm,Spain,26/02/1985,
Chancel Mbemba,Defender,182cm,DR Congo,08/08/1994,
Junior Stanislas,Midfielder,183cm,England,26/11/1989,
Darnell Furlong,Defender,183cm,England,31/10/1995,
Kris Moore,Defender,,England,13/11/2003,
Daniel Adshead,Midfielder,167cm,England,02/09/2001,
Patrick van Aanholt,Defender,176cm,Netherlands,29/08/1990,
Tyrick Mitchell,Defender,,England,01/09/1999,
Aaron Connolly,Forward,,Ireland,28/01/2000,
Paul Pogba,Midfielder,191cm,France,15/03/1993,84
Tom Smith,Goalkeeper,,England,30/01/2002,
James McArthur,Midfielder,178cm,Scotland,07/10/1987,75
Alexandre Jankewitz,Midfielder,179cm,Switzerland,25/12/2001,
Ian Poveda-Ocampo,Forward,165cm,England,09/02/2000,
Kieran Gibbs,Defender,181cm,England,26/09/1989,
Dominic Calvert-Lewin,Forward,187cm,England,16/03/1997,71
Kevin Long,Defender,188cm,Ireland,18/08/1990,83
Tomas Soucek,Midfielder,192cm,Czech Republic,27/02/1995,86
Kenedy,Forward,182cm,Brazil,08/02/1996,77
Roberto Pereyra,Midfielder,182cm,Argentina,07/01/1991,
Nathaniel Shio Hong Wan,Midfielder,,England,,
Admiral Muskwe,Forward,183cm,Zimbabwe,21/08/1998,
Dan Burn,Defender,198cm,England,09/05/1992,87
Christos Tzolis,Forward,184cm,Greece,30/01/2002,
Joe Rodon,Defender,180cm,Wales,22/10/1997,70
Eliaquim Mangala,Defender,188cm,France,13/02/1991,
Zach Awe,Defender,,England,09/01/2004,
Cauley Woodrow,Forward,184cm,England,02/12/1994,
Saul Shotton,Defender,184cm,England,10/11/2000,
Paul Coutts,Midfielder,183cm,Scotland,22/07/1988,
Joshua King,Forward,180cm,Norway,15/01/1992,74
Tim Krul,Goalkeeper,188cm,Netherlands,03/04/1988,84
AngeliÃ±o,Defender,175cm,Spain,04/01/1997,
Matthew Lowton,Defender,180cm,England,09/06/1989,78
Neil Etheridge,Goalkeeper,188cm,Philippines,07/02/1990,
Uwe HÃ¼nemeier,Defender,189cm,Germany,09/01/1986,
Danny Batth,Defender,191cm,England,21/09/1990,
Kaine Hayden,Midfielder,,England,25/05/2003,
Jack Jenkins,Midfielder,,England,23/03/2002,
Daniel Arzani,Forward,171cm,Australia,04/01/1999,
Emil Krafth,Defender,184cm,Sweden,02/08/1994,83
Fred,Midfielder,169cm,Brazil,05/03/1993,64
Daniel Iversen,Goalkeeper,191cm,Denmark,19/07/1997,
Ciaron Brown,Defender,185cm,Northern Ireland,14/01/1998,
Owen Otasowie,Midfielder,191cm,United States,06/01/2001,
Ryan Edmondson,Forward,,England,20/05/2001,
Jan Vertonghen,Defender,189cm,Belgium,24/04/1987,
Raheem Sterling,Forward,170cm,England,08/12/1994,69
Manolo Gabbiadini,Forward,181cm,Italy,26/11/1991,
Patson Daka,Forward,183cm,Zambia,09/10/1998,71
Reece Burke,Defender,189cm,England,02/09/1996,
Callum O'Hare,Midfielder,175cm,England,01/05/1998,
Serge Aurier,Defender,176cm,Cote Dâ€™Ivoire,24/12/1992,
Pascal GroÃŸ,Midfielder,181cm,Germany,15/06/1991,78
Owen Dodgson,Defender,,England,19/03/2003,
Ivan Toney,Forward,179cm,England,16/03/1996,70
Cheikh Diaby,Forward,,France,07/03/2000,
Ozan Kabak,Defender,186cm,Turkey,25/03/2000,86
Michail Antonio,Forward,180cm,Jamaica,28/03/1990,82
Bright Enobakhare,Forward,178cm,Nigeria,08/02/1998,
Cameron Coxe,Defender,185cm,Wales,18/12/1998,
Erik Durm,Defender,182cm,Germany,12/05/1992,
Chris Wood,Forward,191cm,New Zealand,07/12/1991,81
Kamil Miazek,Goalkeeper,192cm,Poland,15/08/1996,
Lazar Markovic,Midfielder,175cm,Serbia,02/03/1994,
Marvin Zeegelaar,Defender,186cm,Netherlands,12/08/1990,
Willian JosÃ©,Forward,189cm,Brazil,23/11/1991,
Ben Wilmot,Defender,188cm,England,04/11/1999,
Michel Vorm,Goalkeeper,183cm,Netherlands,20/10/1983,
Moussa Djenepo,Midfielder,177cm,Mali,15/06/1998,65
Bruno Fernandes,Midfielder,179cm,Portugal,08/09/1994,69
Jay Rodriguez,Forward,185cm,England,29/07/1989,84
Glenn Murray,Forward,183cm,England,25/09/1983,
Laurens De Bock,Defender,179cm,Belgium,07/11/1992,74
Thiago Silva,Defender,183cm,Brazil,22/09/1984,79
Che Adams,Forward,175cm,Scotland,13/07/1996,70
James Balagizi,Midfielder,,England,20/09/2003,
Lucas Digne,Defender,178cm,France,20/07/1993,74
Jan Bednarek,Defender,189cm,Poland,12/04/1996,77
Joshua Bohui,Forward,180cm,England,03/03/1999,
Lewis Hall,Midfielder,,England,08/09/2004,
Marek RodÃ¡k,Goalkeeper,194cm,Slovakia,13/12/1996,
James Tarkowski,Defender,185cm,England,19/11/1992,81
Henry Onyekuru,Forward,175cm,Nigeria,05/06/1997,
Taye Ashby-Hammond,Goalkeeper,186cm,England,21/03/1999,
Morgan Rogers,Forward,,England,26/07/2002,
Przemyslaw Placheta,Midfielder,177cm,Poland,23/03/1998,72
Dennis Cirkin,Defender,181cm,England,06/04/2002,
Harry Maguire,Defender,194cm,England,05/03/1993,100
Benik Afobe,Forward,183cm,DR Congo,12/02/1993,
Adrien Silva,Midfielder,171cm,Portugal,15/03/1989,
Jack Stacey,Defender,180cm,England,06/04/1996,
Marc Navarro,Defender,188cm,Spain,02/07/1995,
Alexis Mac Allister,Midfielder,176cm,Argentina,24/12/1998,72
Matteo Darmian,Defender,182cm,Italy,02/12/1989,
Oladapo Afolayan,Forward,180cm,England,11/09/1997,
Connor Goldson,Defender,191cm,England,18/12/1992,
Romelu Lukaku,Forward,190cm,Belgium,13/05/1993,93
Ethan Ebanks-Landell,Defender,188cm,England,16/12/1992,
Dejan Iliev,Goalkeeper,195cm,North Macedonia,25/02/1995,
Dominic Solanke,Forward,187cm,England,14/09/1997,
Callum Wilson,Forward,180cm,England,27/02/1992,66
Lloyd Kelly,Defender,178cm,England,06/10/1998,
Luke Cundle,Midfielder,,England,26/04/2002,
Matt Macey,Goalkeeper,205cm,England,09/09/1994,
Kelland Watts,Defender,,England,03/11/1999,
Jonas LÃ¶ssl,Goalkeeper,195cm,Denmark,01/02/1989,89
Sam Byram,Defender,180cm,England,16/09/1993,72
Achraf Lazaar,Defender,184cm,Morocco,22/01/1992,
Xavi QuintillÃ¡,Defender,183cm,Spain,23/08/1996,
Ramiro Mori,Defender,186cm,Argentina,05/03/1991,
Mousa DembÃ©lÃ©,Midfielder,185cm,Belgium,16/07/1987,
Nick Pope,Goalkeeper,191cm,England,19/04/1992,76
Romaric Yapi,Defender,178cm,France,13/07/2000,
Tommy Doyle,Midfielder,,England,17/10/2001,
Rushian Marcus Amari Hepburn-Murphy,Forward,173cm,England,28/08/1998,
Eddie Nketiah,Forward,175cm,England,30/05/1999,72
Mads Bech SÃ¸rensen,Defender,189cm,Denmark,07/01/1999,92
Prince Alban OnianguÃ©,Midfielder,190cm,Congo,04/11/1988,
Moritz Leitner,Midfielder,174cm,Germany,08/12/1992,
Jetro Willems,Defender,169cm,Netherlands,30/03/1994,
Renat Dadashov,Forward,186cm,Azerbaijan,17/05/1999,
Trent Alexander-Arnold,Defender,175cm,England,07/10/1998,69
Cristiano Ronaldo,Forward,187cm,Portugal,05/02/1985,83
Timothy Castagne,Defender,185cm,Belgium,05/12/1995,80
Emiliano Sala,Forward,187cm,Argentina,31/10/1990,
Emile Smith Rowe,Midfielder,182cm,England,28/07/2000,79
Jordan Henderson,Midfielder,182cm,England,17/06/1990,67
Rarmani Edmonds-Green,Defender,,England,14/01/1999,
Ntumba Massanka,Midfielder,191cm,England,30/11/1996,
Pascal Struijk,Defender,190cm,Netherlands,11/08/1999,
BenjamÃ­n GarrÃ©,Midfielder,172cm,Argentina,11/07/2000,
Toby Alderweireld,Defender,186cm,Belgium,02/03/1989,
Denis Odoi,Defender,178cm,Ghana,27/05/1988,
Boubakary SoumarÃ©,Midfielder,188cm,France,27/02/1999,70
Kevin McDonald,Midfielder,192cm,Scotland,04/11/1988,
Lukasz Fabianski,Goalkeeper,190cm,Poland,18/04/1985,83
RomÃ©o Lavia,Midfielder,,Belgium,06/01/2004,
JoÃ£o MÃ¡rio,Midfielder,179cm,Portugal,19/01/1993,
Alexandre Lacazette,Forward,175cm,France,28/05/1991,73
Joe Mason,Forward,178cm,England,13/05/1991,
Christian Saydee,Forward,181cm,England,10/05/2002,
Davy PrÃ¶pper,Midfielder,185cm,Netherlands,02/09/1991,
Marcelo Flores,Midfielder,,Mexico,01/10/2003,
Tom Trybull,Midfielder,181cm,Germany,09/03/1993,
Nicolas Nkoulou,Defender,184cm,Cameroon,27/03/1990,77
SaÃºl Ã‘Ã­guez,Midfielder,184cm,Spain,21/11/1994,76
Ben Woodburn,Midfielder,174cm,Wales,15/10/1999,
Jamaal Lascelles,Defender,188cm,England,11/11/1993,89
Angus Gunn,Goalkeeper,196cm,England,22/01/1996,77
FabiÃ¡n Balbuena,Defender,188cm,Paraguay,23/08/1991,
Patrick Cutrone,Forward,183cm,Italy,03/01/1998,
Marcus Rashford,Forward,180cm,England,31/10/1997,70
JoÃ«l Veltman,Defender,184cm,Netherlands,15/01/1992,75
Ahmed Musa,Forward,171cm,Nigeria,14/10/1992,
Yan Couto,Defender,169cm,Brazil,03/06/2002,
Will Collar,Midfielder,181cm,England,03/02/1997,
Marlon Fossey,Defender,180cm,United States,09/09/1998,
Timothy Fosu-Mensah,Defender,185cm,Netherlands,02/01/1998,
Moussa Sissoko,Midfielder,187cm,France,16/08/1989,83
Sander Berge,Midfielder,195cm,Norway,14/02/1998,
Pierre Ekwah,Defender,,France,15/01/2002,
Fabri,Goalkeeper,184cm,Spain,31/12/1987,
Mohamed DiamÃ©,Midfielder,184cm,Senegal,14/06/1987,
Mateusz Hewelt,Goalkeeper,186cm,Poland,23/09/1996,
Marcos Alonso,Defender,188cm,Spain,28/12/1990,84
Nemanja Matic,Midfielder,194cm,Serbia,01/08/1988,85
Kevin Mirallas,Forward,182cm,Belgium,05/10/1987,
Troy Deeney,Forward,183cm,England,29/06/1988,
Joseph Willock,Midfielder,179cm,England,20/08/1999,71
Luke Mbete,Defender,,England,18/09/2003,
Iliman Ndiaye,Midfielder,180cm,France,06/03/2000,
RÃºben Neves,Midfielder,180cm,Portugal,13/03/1997,80
Max Thompson,Forward,,England,09/02/2002,
Jerome Sinclair,Forward,173cm,England,20/09/1996,
Sol Bamba,Defender,190cm,Cote Dâ€™Ivoire,13/01/1985,
Jayson Molumby,Midfielder,,Ireland,06/08/1999,
Hwang Hee-Chan,Forward,177cm,South Korea,26/01/1996,77
Harry Clarke,Defender,,England,02/03/2001,
Patrik Gunnarsson,Goalkeeper,190cm,Iceland,15/11/2000,84
Isaac Hayden,Midfielder,185cm,England,22/03/1995,79
Martin DÃºbravka,Goalkeeper,190cm,Slovakia,15/01/1989,83
Matej KovÃ¡&#345;,Goalkeeper,,Czech Republic,,NULL
Roberto JimÃ©nez,Goalkeeper,192cm,Spain,10/02/1986,
Bruno Ecuele Manga,Defender,186cm,Gabon,16/07/1988,
Peter Etebo,Midfielder,172cm,Nigeria,09/11/1995,70
Harry Wilson,Midfielder,173cm,Wales,22/03/1997,
Layton Stewart,Forward,,England,03/09/2002,
Bernardo Rosa,Midfielder,,Brazil,20/09/2000,
Danny Ballard,Defender,187cm,Northern Ireland,22/09/1999,
Craig Bryson,Midfielder,170cm,Scotland,06/11/1986,
Kyle Bartley,Defender,185cm,England,22/05/1991,
Archie Mair,Goalkeeper,198cm,Scotland,10/02/2001,
Lewis O'Brien,Midfielder,173cm,England,14/10/1998,
Rodrigo Bentancur,Midfielder,187cm,Uruguay,25/06/1997,72
Mathias Jensen,Midfielder,180cm,Denmark,01/01/1996,68
Jiri Skalak,Midfielder,177cm,Czech Republic,12/03/1992,
AndrÃ© SchÃ¼rrle,Midfielder,184cm,Germany,06/11/1990,
Daniel Barlaser,Midfielder,184cm,England,18/01/1997,
Bryan Mbeumo,Midfielder,171cm,France,07/08/1999,
Jonjo Shelvey,Midfielder,184cm,England,27/02/1992,80
Jonathan De Bie,Goalkeeper,,Belgium,28/05/2000,
John Ruddy,Goalkeeper,193cm,England,24/10/1986,97
Harrison Sohna,Midfielder,,England,01/07/2002,
Antonee Robinson,Defender,183cm,United States,08/08/1997,
Alex Cochrane,Defender,,England,21/04/2000,
Matt Doherty,Defender,182cm,Ireland,16/01/1992,80
Philippe Coutinho,Midfielder,172cm,Brazil,12/06/1992,68
Mbaye Diagne,Forward,191cm,Senegal,28/10/1991,
Kevin De Bruyne,Midfielder,181cm,Belgium,28/06/1991,68
Robin Koch,Defender,192cm,Germany,17/07/1996,85
Sokratis Papastathopoulos,Defender,186cm,Greece,09/06/1988,
Lucas Perri,Goalkeeper,194cm,Brazil,10/12/1997,
Michael Carrick,Midfielder,188cm,England,28/07/1981,
Robbie Brady,Midfielder,176cm,Ireland,14/01/1992,
Sebastian PrÃ¶dl,Defender,194cm,Austria,21/06/1987,
Abdallah Sima,Forward,,Senegal,17/06/2001,
Brandon Mason,Defender,173cm,England,30/09/1997,
Maxwell Haygarth,Midfielder,,England,21/01/2002,
Oliver Norwood,Midfielder,180cm,Northern Ireland,12/04/1991,
Teemu Pukki,Forward,180cm,Finland,29/03/1990,75
Arnaut Danjuma,Forward,178cm,Netherlands,31/01/1997,
Kyle Taylor,Midfielder,,England,26/05/1999,
Alfie Mawson,Defender,189cm,England,19/01/1994,
Charly Musonda,Midfielder,173cm,Belgium,15/10/1996,
Kyle Walker,Defender,178cm,England,28/05/1990,70
Juan Familia-Castillo,Defender,,Netherlands,13/01/2000,
Oumar Niasse,Forward,182cm,Senegal,18/04/1990,
Felix Passlack,Defender,170cm,Germany,29/05/1998,
Michael Hefele,Defender,192cm,Germany,01/09/1990,
Karlo Ziger,Goalkeeper,,Croatia,11/05/2001,
Christian Eriksen,Midfielder,182cm,Denmark,14/02/1992,76
Rohan Ince,Midfielder,191cm,England,08/11/1992,
Kornelius Normann Hansen,Midfielder,175cm,Norway,06/05/2001,
Isaac Mbenza,Forward,187cm,Belgium,08/03/1996,
Robbie Gotts,Midfielder,,England,09/11/1999,
Mario Pasalic,Midfielder,188cm,Croatia,09/02/1995,
Tom Dele-Bashiru,Midfielder,183cm,Nigeria,17/09/1999,
Joseph Gomez,Defender,188cm,England,23/05/1997,77
Conor Coventry,Midfielder,177cm,Ireland,25/03/2000,
Adam Idah,Forward,190cm,Ireland,11/02/2001,83
Mads Bidstrup,Midfielder,175cm,Denmark,25/02/2001,
Jake Flannigan,Midfielder,180cm,England,02/02/1996,
Ashley Barnes,Forward,186cm,England,30/10/1989,77
Marcel Lavinier,Midfielder,180cm,Portugal,16/12/2000,
Bayli Spencer-Adams,Defender,,England,26/06/2001,
Sam Hughes,Defender,,England,15/04/1997,
Federico FernÃ¡ndez,Defender,190cm,Argentina,21/02/1989,83
Liam Feeney,Midfielder,183cm,England,28/04/1986,
James Maddison,Midfielder,175cm,England,23/11/1996,73
Vincent Kompany,Defender,193cm,Belgium,10/04/1986,
Jamie Soule,Forward,,England,26/11/2000,
Richard Nartey,Defender,184cm,England,06/09/1998,
Robert Street,Forward,,England,26/09/2001,
Jake Walker,Defender,,England,03/11/2000,
Pablo MarÃ­,Defender,193cm,Spain,31/08/1993,
Marco Stiepermann,Forward,190cm,Germany,09/02/1991,
Matthew Pollock,Defender,,England,28/09/2001,
Elias Kachunga,Forward,178cm,DR Congo,22/04/1992,
Cengiz Ãœnder,Forward,173cm,Turkey,14/07/1997,
Dominic Revan,Defender,,England,19/09/2000,
Ivan Cavaleiro,Forward,175cm,Portugal,18/10/1993,
Kortney Hause,Midfielder,191cm,England,16/07/1995,77
Armstrong Oko-Flex,Forward,,Ireland,02/03/2002,
Stefan Johansen,Midfielder,182cm,Norway,08/01/1991,
Joachim Andersen,Defender,192cm,Denmark,31/05/1996,90
RÃºnar RÃºnarsson,Goalkeeper,186cm,Iceland,18/02/1995,
Joel Matip,Defender,195cm,Cameroon,08/08/1991,90
Christian Marques,Defender,187cm,Portugal,15/01/2003,
Kristoffer Ajer,Defender,196cm,Norway,17/04/1998,84
Liam Gibbs,Midfielder,,England,16/12/2002,
David Silva,Midfielder,173cm,Spain,08/01/1986,
Junior Firpo,Defender,184cm,Spain,22/08/1996,78
Crysencio Summerville,Midfielder,174cm,Netherlands,30/10/2001,
Daley Blind,Defender,180cm,Netherlands,09/03/1990,
Pierre-Emile HÃ¸jbjerg,Midfielder,187cm,Denmark,05/08/1995,84
Paul Glatzel,Midfielder,,England,20/02/2001,
Emmanuel Longelo,Forward,,England,27/12/2000,
Kasey Palmer,Midfielder,175cm,Jamaica,09/11/1996,
Costel Pantilimon,Goalkeeper,203cm,Romania,01/02/1987,
Bruno GuimarÃ£es,Midfielder,182cm,Brazil,16/11/1997,74
Abu Kamara,Defender,,England,,
Folarin Balogun,Forward,178cm,England,03/07/2001,
Oliwier Zych,Goalkeeper,,Poland,28/06/2004,
Wayne Hennessey,Goalkeeper,198cm,Wales,24/01/1987,90
Oleksandr Zinchenko,Midfielder,175cm,Ukraine,15/12/1996,64
Leandro Trossard,Forward,171cm,Belgium,04/12/1994,61
Tolaji Bola,Defender,188cm,England,04/01/1999,
Hayao Kawabe,Midfielder,178cm,Japan,08/09/1995,
Carl Ikeme,Goalkeeper,188cm,Nigeria,08/06/1986,
Allan Tchaptchet,Defender,193cm,France,21/12/2001,
SÃ©amus Coleman,Defender,177cm,Ireland,11/10/1988,67
Shaun Hobson,Defender,,England,29/06/1998,
Luke Garbutt,Defender,179cm,England,21/05/1993,
Thomas Dickson-Peters,Forward,,Scotland,16/09/2002,
James Husband,Defender,179cm,England,03/01/1994,
Alfie Payne,Midfielder,,England,07/10/1999,
Rhys Healey,Forward,180cm,England,06/12/1994,
Thierry Small,Defender,,England,01/08/2004,
Mazeed Ogungbo,Defender,,Ireland,20/10/2002,
Son Heung-Min,Forward,183cm,South Korea,08/07/1992,78
Stuart Taylor,Goalkeeper,198cm,England,28/11/1980,
Nathan Tella,Midfielder,,England,05/07/1999,
Terence Kongolo,Defender,188cm,Netherlands,14/02/1994,
Daniel Agyei,Forward,183cm,England,01/06/1997,
Shea Charles,Defender,,Northern Ireland,05/11/2003,
Harrison Ashby,Defender,,Scotland,14/11/2001,
Felix Nmecha,Midfielder,188cm,Germany,10/10/2000,
Greg Cunningham,Defender,183cm,Ireland,31/01/1991,
Pape Sarr,Midfielder,185cm,Senegal,14/09/2002,
Joy Mukena,Defender,,England,03/07/1999,
Issa Diop,Defender,194cm,France,09/01/1997,92
Tyreece John-Jules,Forward,183cm,England,14/02/2001,
Mason Mount,Midfielder,178cm,England,10/01/1999,70
Arthur Masuaku,Defender,179cm,DR Congo,07/11/1993,70
Matt Targett,Defender,183cm,England,18/09/1995,70
Sead Haksabanovic,Midfielder,173cm,Montenegro,04/05/1999,
Alphonse Areola,Goalkeeper,195cm,France,27/02/1993,94
Jack Grealish,Midfielder,175cm,England,10/09/1995,68
Brice Dja DjÃ©djÃ©,Defender,170cm,Cote Dâ€™Ivoire,23/12/1990,
Allan Saint-Maximin,Forward,173cm,France,12/03/1997,67
Ricardo Pereira,Defender,175cm,Portugal,06/10/1993,70
Naby KeÃ¯ta,Midfielder,172cm,Guinea,10/02/1995,64
Phil Ofosu-Ayeh,Defender,181cm,Ghana,15/09/1991,
Connor Wickham,Forward,191cm,England,31/03/1993,
Takumi Minamino,Forward,174cm,Japan,16/01/1995,68
Joe Hart,Goalkeeper,196cm,England,19/04/1987,
Antonio RÃ¼diger,Defender,190cm,Germany,03/03/1993,85
Brad Young,Forward,,England,06/01/2003,
Nnamdi Ofoborh,Midfielder,175cm,Nigeria,07/11/1999,
JoÃ£o Pedro,Forward,182cm,Brazil,26/09/2001,70
Declan John,Defender,178cm,Wales,30/06/1995,
Ryan Longman,Forward,180cm,England,06/11/2000,
Lyanco,Defender,187cm,Brazil,01/02/1997,85
Michael Stensgaard,Goalkeeper,188cm,Denmark,01/09/1974,
Josh Benson,Midfielder,175cm,England,05/12/1999,
David Luiz,Defender,189cm,Brazil,22/04/1987,
Richard Towell,Midfielder,173cm,Ireland,17/07/1991,
Fabio Carvalho,Midfielder,,Portugal,30/08/2002,
Pedro Chirivella,Midfielder,178cm,Spain,23/05/1997,
Ryan Bertrand,Defender,179cm,England,05/08/1989,85
Jan Paul van Hecke,Defender,,Netherlands,08/06/2000,
Shane Flynn,Midfielder,,Ireland,14/10/2001,
Shayne Lavery,Forward,,Northern Ireland,08/12/1998,
James Olayinka,Midfielder,,England,05/10/2000,
Arjan Raikhy,Midfielder,,England,20/10/2002,
Kgaogelo Chauke,Midfielder,,England,08/01/2003,
Steven Alzate,Midfielder,180cm,Colombia,08/09/1998,75
Omar Rekik,Defender,186cm,Tunisia,20/12/2001,
Kyle Edwards,Midfielder,172cm,England,17/02/1998,
Tomer Hemed,Forward,186cm,Israel,02/05/1987,
Alex Pritchard,Midfielder,171cm,England,03/05/1993,
Alfie Devine,Midfielder,179cm,England,01/08/2004,75
Marcelo Pitaluga,Goalkeeper,192cm,Brazil,20/12/2002,77
Santi Cazorla,Midfielder,168cm,Spain,13/12/1984,
CÃ©dric KiprÃ©,Defender,193cm,Cote Dâ€™Ivoire,09/12/1996,
Oscar Bobb,Midfielder,,Norway,12/07/2003,
Robin Olsen,Goalkeeper,198cm,Sweden,08/01/1990,89
Yohan Benalouane,Defender,185cm,Tunisia,28/03/1987,
Gaetano Berardi,Defender,179cm,Switzerland,21/08/1988,
Niels Nkounkou,Defender,180cm,France,01/11/2000,
Younes Kaboul,Defender,193cm,France,04/01/1986,
Todd Cantwell,Midfielder,177cm,England,27/02/1998,
Morgan Sanson,Midfielder,180cm,France,18/08/1994,73
Connor Barrett,Defender,,England,01/03/2002,
David Brooks,Midfielder,173cm,Wales,08/07/1997,
Dennis Srbeny,Forward,189cm,Germany,05/05/1994,
Matt O'Riley,Midfielder,,Denmark,21/11/2000,
Dean Marney,Midfielder,183cm,England,31/01/1984,
Konstantinos Mavropanos,Defender,194cm,Greece,11/12/1997,
Daniel N'Lundulu,Forward,185cm,England,05/02/1999,
Ezgjan Alioski,Midfielder,173cm,North Macedonia,12/02/1992,
Bojan Radulovi&#263;,Forward,,Serbia,,NULL
Anthony Driscoll-Glennon,Defender,181cm,England,26/11/1999,
Marc Albrighton,Midfielder,175cm,England,18/11/1989,74
Dwight McNeil,Midfielder,183cm,England,22/11/1999,68
Omotayo Adaramola,Defender,,Ireland,13/11/2003,
Matty James,Midfielder,181cm,England,22/07/1991,
Mungo Bridge,Forward,,England,12/09/2000,
Patrice Evra,Defender,174cm,France,15/05/1981,
Chuba Akpom,Forward,183cm,England,09/10/1995,
Odeluga Offiah,Defender,,England,26/10/2002,
Tareiq Holmes-Dennis,Defender,175cm,England,31/10/1995,
Faustino Anjorin,Midfielder,185cm,England,23/11/2001,
Alex Oxlade-Chamberlain,Midfielder,180cm,England,15/08/1993,70
Pablo Zabaleta,Defender,176cm,Argentina,16/01/1985,
Glenn Whelan,Midfielder,180cm,Ireland,13/01/1984,
Ethan Laird,Defender,177cm,England,05/08/2001,
Dele Alli,Midfielder,188cm,England,11/04/1996,76
Willy Caballero,Goalkeeper,186cm,Argentina,28/09/1981,81
Will Norris,Goalkeeper,195cm,England,12/08/1993,74
Daniel Kemp,Midfielder,,England,11/01/1999,
Keenan Appiah-Forson,Midfielder,,England,16/10/2001,
Wilfred Ndidi,Midfielder,183cm,Nigeria,16/12/1996,74
Muhamed Besic,Midfielder,180cm,Bosnia & Herzegovina,10/09/1992,
Einar Iversen,Midfielder,,Norway,06/06/2001,
Ben Marshall,Midfielder,183cm,England,29/03/1991,
Jonny Evans,Defender,188cm,Northern Ireland,03/01/1988,77
Kevin Danso,Defender,190cm,Austria,19/09/1998,
Remi Matthews,Goalkeeper,184cm,England,10/02/1994,78
Jamal Lewis,Defender,178cm,Northern Ireland,25/01/1998,70
Cody Drameh,Defender,,England,08/12/2001,
Conor Shaughnessy,Midfielder,191cm,Ireland,30/06/1996,
Christian Fuchs,Defender,187cm,Austria,07/04/1986,
Massadio HaÃ¯dara,Defender,179cm,Mali,02/12/1992,
Barry Douglas,Defender,176cm,Scotland,04/09/1989,
Fraser Hornby,Forward,195cm,Scotland,13/09/1999,
Marcelo DjalÃ³,Defender,193cm,Guinea-Bissau,08/10/1993,
Kristoffer Klaesson,Goalkeeper,189cm,Norway,27/11/2000,76
Mario Lemina,Midfielder,184cm,Gabon,01/09/1993,
Karlan Grant,Forward,180cm,England,18/09/1997,
Josip Drmic,Forward,183cm,Switzerland,08/08/1992,
Joelinton,Forward,186cm,Brazil,14/08/1996,81
Steve MouniÃ©,Forward,190cm,Benin,29/09/1994,
Callum Slattery,Midfielder,175cm,England,08/02/1999,
Giovanni McGregor,Midfielder,,England,09/01/1999,
Grady Diangana,Midfielder,180cm,England,19/04/1998,
Michael Obafemi,Forward,169cm,Ireland,06/07/2000,
Marcos Rojo,Defender,186cm,Argentina,20/03/1990,
Emiliano BuendÃ­a,Midfielder,172cm,Argentina,25/12/1996,72
Matt Miazga,Defender,191cm,United States,19/07/1995,
FÃ¡bio Silva,Forward,185cm,Portugal,19/07/2002,75
Jared Thompson,Goalkeeper,,Northern Ireland,23/02/1999,
Shinji Okazaki,Forward,174cm,Japan,16/04/1986,
AndrÃ© Gomes,Midfielder,188cm,Portugal,30/07/1993,84
Nabil Bentaleb,Midfielder,187cm,Algeria,24/11/1994,
Billy Sharp,Forward,175cm,England,05/02/1986,
Emerson,Defender,176cm,Italy,03/08/1994,
Vincent Janssen,Forward,180cm,Netherlands,15/06/1994,
Sergio AgÃ¼ero,Forward,173cm,Argentina,02/06/1988,
Samir,Defender,189cm,Brazil,05/12/1994,73
Marcel Franke,Defender,193cm,Germany,05/04/1993,
Leo Ã˜stigÃ¥rd,Defender,182cm,Norway,28/11/1999,
Luka Milivojevic,Midfielder,186cm,Serbia,07/04/1991,80
Lamare Bogarde,Midfielder,,Netherlands,05/01/2004,
Ethan Hamilton,Midfielder,187cm,Scotland,18/10/1998,
Jayden Bogle,Defender,178cm,England,27/07/2000,
Juan Foyth,Defender,179cm,Argentina,12/01/1998,
Pierluigi Gollini,Goalkeeper,194cm,Italy,18/03/1995,94
Julian Jeanvier,Defender,185cm,Guinea,31/03/1992,84
Paulo Gazzaniga,Goalkeeper,196cm,Argentina,02/01/1992,
Adama Diakhaby,Forward,184cm,France,05/07/1996,
Ben Mee,Defender,180cm,England,21/09/1989,74
Jack Henry-Francis,Midfielder,,Ireland,23/09/2003,
D'Mani Mellor,Forward,,England,20/09/2000,
Moses Makasi,Midfielder,,England,22/09/1995,
Frankie Ealing,Defender,,England,14/07/2004,
Liam Cooper,Defender,180cm,Scotland,30/08/1991,73
Omar Bogle,Forward,187cm,England,26/07/1992,
Isaac Success,Forward,186cm,Nigeria,07/01/1996,
Simon Francis,Defender,183cm,England,16/02/1985,
Callum Robinson,Forward,178cm,Ireland,02/02/1995,
Samuel Kalu,Forward,176cm,Nigeria,26/08/1997,74
Craig Dawson,Defender,188cm,England,06/05/1990,82
Nya Kirby,Midfielder,174cm,England,31/01/2000,
Diogo Dalot,Defender,183cm,Portugal,18/03/1999,76
Ben Barclay,Defender,,England,07/10/1996,
Lee Chung-Yong,Midfielder,180cm,South Korea,02/07/1988,
GonÃ§alo Cardoso,Defender,189cm,Portugal,21/10/2000,
Adrian Mariappa,Defender,180cm,Jamaica,03/10/1986,
Claudio Gomes,Midfielder,164cm,France,23/07/2000,
Elia Caprile,Goalkeeper,,Italy,25/08/2001,
Sean Morrison,Defender,193cm,England,08/01/1991,
Jiang Guangtai,Defender,181cm,China,27/05/1994,
Shilow Tracey,Midfielder,179cm,England,29/04/1998,
Ellery Balcombe,Goalkeeper,190cm,England,15/10/1999,
Michy Batshuayi,Forward,184cm,Belgium,02/10/1993,
Pote,Midfielder,173cm,Portugal,28/06/1998,
Gary Madine,Forward,193cm,England,24/08/1990,
Rafael Camacho,Midfielder,175cm,Portugal,22/05/2000,
Declan Rice,Midfielder,185cm,England,14/01/1999,76
James Garner,Midfielder,186cm,England,13/03/2001,
Rhys Williams,Defender,,England,03/02/2001,
Kai Havertz,Midfielder,188cm,Germany,11/06/1999,83
Ben Foster,Goalkeeper,193cm,England,03/04/1983,79
Felipe Anderson,Midfielder,175cm,Brazil,15/04/1993,
JosÃ© Izquierdo,Forward,171cm,Colombia,07/07/1992,
Dominic Thompson,Defender,,England,26/07/2000,
Lars Dendoncker,Defender,,Belgium,03/04/2001,
Dane Scarlett,Forward,180cm,England,24/03/2004,76
Sam Sherring,Defender,,England,08/05/2000,
Mbwana Samatta,Forward,183cm,Tanzania,23/12/1992,
RÃºben Vinagre,Defender,174cm,Portugal,09/04/1999,
Jesurun Rak-Sakyi,Midfielder,,England,05/10/2002,
Ryan Kent,Forward,172cm,England,11/11/1996,
Kyle Walker-Peters,Defender,173cm,England,13/04/1997,62
Leon Balogun,Defender,190cm,Nigeria,28/06/1988,
Leonardo Campana,Forward,187cm,Ecuador,24/07/2000,
Kieran O'Hara,Goalkeeper,191cm,Ireland,22/04/1996,
Florian Lejeune,Defender,189cm,France,20/05/1991,
Aleksandar Dragovic,Defender,186cm,Austria,06/03/1991,
Amad Diallo,Forward,173cm,Cote Dâ€™Ivoire,11/07/2002,
Halil Dervisoglu,Forward,183cm,Turkey,08/12/1999,
Tony Springett,Midfielder,,England,,
Harry Arter,Midfielder,176cm,Ireland,28/12/1989,
Nathan Ferguson,Defender,178cm,England,06/10/2000,74
Indiana Vassilev,Forward,173cm,United States,16/02/2001,
Bakary Sako,Midfielder,183cm,Mali,26/04/1988,
Fabian SchÃ¤r,Defender,188cm,Switzerland,20/12/1991,84
Ben Cottrell,Midfielder,,England,31/10/2001,
Peter Keen,Goalkeeper,183cm,England,16/11/1976,
Josh Dasilva,Midfielder,184cm,England,23/10/1998,75
Nigel Lonwijk,Defender,188cm,Netherlands,27/10/2002,
Solly March,Midfielder,180cm,England,20/07/1994,88
Matthew Cash,Defender,185cm,Poland,07/08/1997,
Thomas McGill,Goalkeeper,,England,25/03/2000,
William Dennis,Goalkeeper,,England,10/07/2000,
Hugo Bueno,Defender,180cm,Spain,18/09/2002,
Neil Taylor,Defender,176cm,Wales,07/02/1989,
Tom Cleverley,Midfielder,175cm,England,12/08/1989,67
Jota,Midfielder,180cm,Spain,16/06/1991,
Nicolas PÃ©pÃ©,Forward,183cm,Cote Dâ€™Ivoire,29/05/1995,73
Zech Medley,Defender,195cm,England,09/07/2000,
Arijanet Muric,Goalkeeper,198cm,Kosovo,07/11/1998,
Vitaly Janelt,Midfielder,184cm,Germany,10/05/1998,79
Ashley Westwood,Midfielder,175cm,England,01/04/1990,80
Jayden Bennetts,Midfielder,,England,26/06/2001,
Erdal Rakip,Midfielder,180cm,North Macedonia,13/02/1996,
Rodrigo,Forward,182cm,Spain,06/03/1991,77
Tommi O'Reilly,Midfielder,,England,15/12/2003,
Oliver Burke,Midfielder,188cm,Scotland,07/04/1997,
Ben Stevenson,Midfielder,183cm,England,23/03/1997,
Daniel Bachmann,Goalkeeper,191cm,Austria,09/07/1994,81
Divock Origi,Forward,185cm,Belgium,18/04/1995,75
Julio Pleguezuelo,Defender,180cm,Spain,26/01/1997,
Stefano Okaka,Forward,186cm,Italy,09/08/1989,
Ryan Babel,Midfielder,185cm,Netherlands,19/12/1986,
Pontus Dahlberg,Goalkeeper,194cm,Sweden,21/01/1999,
Lewis Cook,Midfielder,175cm,England,03/02/1997,
Jamie Vardy,Forward,179cm,England,11/01/1987,74
Simon Moore,Goalkeeper,191cm,England,19/05/1990,
Facundo Pellistri,Midfielder,175cm,Uruguay,20/12/2001,69
Emre Can,Midfielder,186cm,Germany,12/01/1994,
Demeaco Duhaney,Defender,180cm,England,13/10/1998,
Vitinha,Midfielder,172cm,Portugal,13/02/2000,
Finn Azaz,Midfielder,,England,07/09/2000,
Aaron Lennon,Midfielder,165cm,England,16/04/1987,63
Dimitris Giannoulis,Defender,175cm,Greece,17/10/1995,62
Axel Tuanzebe,Defender,186cm,England,14/11/1997,
Darnell Johnson,Defender,,England,03/09/1998,
Adam Parkes,Goalkeeper,,England,30/11/1999,
Chris Mepham,Defender,191cm,Wales,05/11/1997,
Dion Henry,Goalkeeper,180cm,England,12/09/1997,
Cuco Martina,Defender,185cm,Curacao,25/09/1989,
Jairo Riedewald,Midfielder,182cm,Netherlands,09/09/1996,79
Joseph Anang,Goalkeeper,,England,08/06/2000,
Phil Bardsley,Defender,180cm,Scotland,28/06/1985,74
Terell Pennant,Midfielder,,England,14/09/2002,
Ricky Holmes,Midfielder,173cm,England,19/06/1987,
Vashon Neufville,Defender,173cm,England,18/07/1999,
Tobi Omole,Defender,,England,17/12/1999,
Mathew Ryan,Goalkeeper,184cm,Australia,08/04/1992,
Ajibola Alese,Defender,,England,17/01/2001,
Jack Roles,Midfielder,,Cyprus,26/02/1999,
Mika Biereth,Forward,,England,08/02/2003,
Josh Brownhill,Midfielder,180cm,England,19/12/1995,69
Leandro Bacuna,Midfielder,187cm,Curacao,21/08/1991,
Jonathan Dinzeyi,Defender,,England,13/10/1999,
Hal Robson-Kanu,Forward,183cm,Wales,21/05/1989,
Teden Mengi,Defender,183cm,England,30/04/2002,
Pablo HernÃ¡ndez,Midfielder,173cm,Spain,11/04/1985,
Jason Lokilo,Midfielder,175cm,DR Congo,17/09/1998,
Roderick Miranda,Defender,191cm,Portugal,30/03/1991,
Sean Longstaff,Midfielder,180cm,England,30/10/1997,65
Will Russ,Midfielder,,Wales,08/11/2002,
Shaqai Forde,Midfielder,,England,,
Mitchell Clark,Defender,,Wales,13/03/1999,
Ben Hamer,Goalkeeper,192cm,England,20/11/1987,
Alberto Moreno,Defender,171cm,Spain,05/07/1992,
Ryan Giles,Midfielder,179cm,England,26/01/2000,
Mohamed Salah,Forward,175cm,Egypt,15/06/1992,71
Scott Banks,Midfielder,,Scotland,26/09/2001,
Armando Broja,Forward,191cm,Albania,10/09/2001,
Jimmy Dunne,Defender,183cm,Ireland,19/10/1997,
Will Alves,Forward,,England,04/02/2005,
Chituru Odunze,Goalkeeper,200cm,United States,14/10/2002,
Christian Benteke,Forward,190cm,Belgium,03/12/1990,83
Owen Beck,Defender,,Wales,09/08/2002,
N'Golo KantÃ©,Midfielder,168cm,France,29/03/1991,68
Danny Welbeck,Forward,185cm,England,26/11/1990,73
Abdoulaye DoucourÃ©,Midfielder,184cm,Mali,01/01/1993,75
IsmaÃ¯la Sarr,Forward,185cm,Senegal,25/02/1998,76
Enda Stevens,Defender,183cm,Ireland,09/07/1990,
Nathaniel Phillips,Defender,190cm,England,21/03/1997,
John Egan,Defender,185cm,Ireland,20/10/1992,
Charlie Cresswell,Defender,,England,17/08/2002,
Kiko FemenÃ­a,Defender,176cm,Spain,02/02/1991,61
Maxwel Cornet,Midfielder,179cm,Cote Dâ€™Ivoire,27/09/1996,69
Nathaniel Clyne,Defender,175cm,England,05/04/1991,67
Charlie Patino,Midfielder,,England,17/10/2003,
Michael Hector,Defender,193cm,Jamaica,19/07/1992,
Ashley Fletcher,Forward,185cm,England,02/10/1995,
Jordan Hugill,Forward,183cm,England,04/06/1992,
Thibaut Courtois,Goalkeeper,199cm,Belgium,11/05/1992,
Armand Traore,Defender,185cm,Senegal,08/10/1989,
Andreas Pereira,Midfielder,175cm,Brazil,01/01/1996,
Tyler Smith,Forward,178cm,England,04/12/1998,
Elijah Dixon-Bonner,Midfielder,,England,01/01/2001,
Reece James,Defender,182cm,England,08/12/1999,82
Ryan Schofield,Goalkeeper,190cm,England,11/12/1999,
Sidnei Tavares,Midfielder,,Portugal,29/09/2001,
James Furlong,Defender,,Ireland,07/06/2002,
Jonathan Tomkinson,Defender,,United States,11/04/2002,
Jeffrey Schlupp,Midfielder,178cm,Ghana,23/12/1992,72
Leon Clarke,Forward,188cm,England,10/02/1985,
Max Aarons,Defender,178cm,England,04/01/2000,69
Diego Rico,Defender,183cm,Spain,23/02/1993,
Jake Clarke-Salter,Defender,188cm,England,22/09/1997,
Matthew Smith,Midfielder,,England,05/10/2000,
J'Neil Bennett,Midfielder,,England,07/12/2001,
Hakim Ziyech,Midfielder,180cm,Morocco,19/03/1993,65
Nathan Trott,Goalkeeper,188cm,England,21/11/1998,
Stuart O'Keefe,Midfielder,173cm,England,04/03/1991,
Peter Gwargis,Midfielder,,Sweden,04/09/2000,
Sam Dalby,Forward,,England,07/12/1999,
Marc GuÃ©hi,Defender,182cm,England,13/07/2000,82
Floyd AyitÃ©,Forward,175cm,Togo,15/12/1988,
Sean Scannell,Midfielder,176cm,Ireland,17/09/1990,
Jaden Philogene-Bidace,Midfielder,,England,08/02/2002,
Dimitri Foulquier,Defender,183cm,Guadeloupe,23/03/1993,
Sammy Braybrooke,Midfielder,,England,12/03/2004,
Juan Mata,Midfielder,170cm,Spain,28/04/1988,63
Gerard Deulofeu,Forward,177cm,Spain,13/03/1994,
Paul Dummett,Defender,183cm,Wales,26/09/1991,82
Joe Bennett,Defender,183cm,England,28/03/1990,
Jesse Lingard,Midfielder,175cm,England,15/12/1992,62
Robert Green,Goalkeeper,187cm,England,18/01/1980,
Dujon Sterling,Defender,186cm,England,24/10/1999,
Ivo Pinto,Defender,182cm,Portugal,07/01/1990,
Gylfi Sigurdsson,Midfielder,186cm,Iceland,08/09/1989,
Ãlvaro FernÃ¡ndez,Goalkeeper,185cm,Spain,13/04/1998,75
Mikael Ndjoli,Forward,183cm,England,16/12/1998,
Ben Godfrey,Defender,183cm,England,15/01/1998,74
Sam Greenwood,Forward,185cm,England,26/01/2002,
Slobodan Tedic,Forward,190cm,Serbia,13/04/2000,
Eduardo,Goalkeeper,187cm,Portugal,19/09/1982,
Caleb Chukwuemeka,Forward,,England,25/01/2002,
Bruno JordÃ£o,Midfielder,180cm,Portugal,12/10/1998,
Allan McGregor,Goalkeeper,183cm,Scotland,31/01/1982,
Jack Harrison,Midfielder,175cm,England,20/11/1996,70
Alfred N'Diaye,Midfielder,193cm,Senegal,06/03/1990,
Oriol Romeu,Midfielder,183cm,Spain,24/09/1991,83
Jensen Weir,Midfielder,184cm,England,31/01/2002,
Matej Vydra,Forward,180cm,Czech Republic,01/05/1992,71
Dodi LukÃ©bakio,Forward,187cm,Belgium,24/09/1997,
JosÃ© Holebas,Defender,184cm,Greece,27/06/1984,
Leonardo Ulloa,Forward,188cm,Argentina,26/07/1986,
Daniel Armstrong,Midfielder,175cm,Scotland,11/10/1997,
Des Hutchinson,Midfielder,,Ireland,05/12/1996,
Sil Swinkels,Defender,,Netherlands,06/01/2004,
Marvelous Nakamba,Midfielder,178cm,Zimbabwe,19/01/1994,71
Freddie Potts,Midfielder,,England,12/09/2003,
Fikayo Tomori,Defender,185cm,England,19/12/1997,
MartÃ­n Montoya,Defender,175cm,Spain,14/04/1991,
Jarell Quansah,Defender,,England,29/01/2003,
Orestis Karnezis,Goalkeeper,189cm,Greece,11/07/1985,
Harry Winks,Midfielder,178cm,England,02/02/1996,65
Mateusz Bogusz,Midfielder,175cm,Poland,22/08/2001,
Joe Hugill,Forward,,England,19/10/2003,
Georges-KÃ©vin Nkoudou,Midfielder,172cm,France,13/02/1995,
Marko Arnautovic,Forward,192cm,Austria,19/04/1989,
Jan Mlakar,Forward,183cm,Slovenia,23/10/1998,
JÃ¼rgen Locadia,Forward,187cm,Netherlands,07/11/1993,
Connor Ronan,Midfielder,178cm,Ireland,06/03/1998,
Virgil van Dijk,Defender,193cm,Netherlands,08/07/1991,92
Steven Sessegnon,Defender,175cm,England,18/05/2000,
Salah-Eddine Oulad M'hand,Midfielder,,Netherlands,20/08/2003,
Timm Klose,Defender,193cm,Switzerland,09/05/1988,
Ibrahim Meite,Forward,188cm,England,29/07/1996,
Giovani Lo Celso,Midfielder,177cm,Argentina,09/04/1996,
Thomas Clayton,Defender,,Scotland,27/12/2000,
Scott Hogan,Forward,180cm,Ireland,13/04/1992,
Carl Jenkinson,Defender,185cm,England,08/02/1992,
Ravel Morrison,Midfielder,175cm,Jamaica,02/02/1993,
Jaime Alvarado,Midfielder,179cm,Colombia,26/07/1999,
Nahki Wells,Forward,170cm,Bermuda,01/06/1990,
Will Ferry,Midfielder,176cm,Ireland,07/12/2000,
Yannick Bolasie,Forward,188cm,DR Congo,24/05/1989,
Ben Jackson,Defender,,England,22/02/2001,
Stephan Lichtsteiner,Defender,182cm,Switzerland,16/01/1984,
JoÃ£o Moutinho,Midfielder,170cm,Portugal,08/09/1986,61
Shola Shoretire,Forward,170cm,England,02/02/2004,
Jakub Moder,Midfielder,188cm,Poland,07/04/1999,78
James Morris,Defender,,England,23/11/2001,
Dwight Gayle,Forward,174cm,England,17/10/1989,78
Fousseni DiabatÃ©,Forward,175cm,Mali,18/10/1995,
Leroy SanÃ©,Forward,183cm,Germany,11/01/1996,
Alex Smithies,Goalkeeper,185cm,England,05/03/1990,
Mark Bunn,Goalkeeper,183cm,England,16/11/1984,
Ã˜rjan Nyland,Goalkeeper,192cm,Norway,10/09/1990,
William Fish,Defender,185cm,England,17/02/2003,
James Daly,Forward,,England,12/01/2000,
Jonny,Defender,175cm,Spain,03/03/1994,70
Kieran Tierney,Defender,178cm,Scotland,05/06/1997,70
Lewis Richardson,Forward,,England,07/02/2003,
Luke McCormick,Midfielder,,England,21/01/1999,
Dilan Markanday,Forward,,England,20/08/2001,
Mohamed Elyounoussi,Midfielder,178cm,Norway,04/08/1994,70
Emerson Hyndman,Midfielder,170cm,United States,09/04/1996,
Mason Greenwood,Forward,181cm,England,01/10/2001,70
Myles Peart-Harris,Midfielder,,England,18/09/2002,
Sam Baldock,Forward,170cm,England,15/03/1989,
Joel Valencia,Forward,164cm,Ecuador,16/11/1994,
FrÃ©dÃ©ric Guilbert,Defender,178cm,France,24/12/1994,
Jadon Sancho,Forward,180cm,England,25/03/2000,76
Samuel Sharrock-Peplow,Midfielder,,England,14/07/2002,
Darren Randolph,Goalkeeper,188cm,Ireland,12/05/1987,98
CÃ©sar Azpilicueta,Defender,178cm,Spain,28/08/1989,76
Kane O'Connor,Defender,,Scotland,17/01/2001,
Jacob Ramsey,Midfielder,,England,28/05/2001,
Mohamed Elneny,Midfielder,180cm,Egypt,11/07/1992,70
Filip Marschall,Goalkeeper,,England,24/04/2003,
Josh Oluwayemi,Goalkeeper,,England,13/03/2001,
Gonzalo HiguaÃ­n,Forward,186cm,Argentina,10/12/1987,
Sead Kolasinac,Defender,183cm,Bosnia & Herzegovina,20/06/1993,
Jean-Philippe Mateta,Forward,192cm,France,28/06/1997,88
David Ospina,Goalkeeper,183cm,Colombia,31/08/1988,
Cameron Archer,Forward,,England,09/12/2001,
Nathan Bishop,Goalkeeper,185cm,England,15/10/1999,
Xherdan Shaqiri,Midfielder,169cm,Switzerland,10/10/1991,
Chiquinho,Forward,179cm,Portugal,05/02/2000,73
Michael Verrips,Goalkeeper,195cm,Netherlands,03/12/1996,
Aaron Ramsey,Midfielder,,England,21/01/2003,
Damien Delaney,Defender,191cm,Ireland,20/07/1981,
Largie Ramazani,Forward,167cm,Belgium,27/02/2001,
Javier Manquillo,Defender,178cm,Spain,05/05/1994,76
William Smallbone,Midfielder,,Ireland,21/02/2000,
Calvin Bassey,Defender,185cm,Nigeria,31/12/1999,
Andrew Omobamidele,Defender,188cm,Ireland,23/06/2002,
Roberto Firmino,Forward,181cm,Brazil,02/10/1991,76
Alex Telles,Defender,181cm,Brazil,15/12/1992,71
Carlos VinÃ­cius,Forward,190cm,Brazil,25/03/1995,
Jubril Okedina,Defender,,England,26/10/2000,
Max Sanders,Midfielder,175cm,England,04/01/1999,
Philippe Sandler,Defender,188cm,Netherlands,10/02/1997,
Aiden O'Neill,Midfielder,178cm,Australia,04/07/1998,
Jorginho,Midfielder,180cm,Italy,20/12/1991,65
Bryce Hosannah,Defender,,England,08/04/1999,
Illan Meslier,Goalkeeper,193cm,France,02/03/2000,74
Owen Bailey,Defender,,England,22/01/1999,
Miguel Britos,Defender,188cm,Uruguay,17/07/1985,
Joseph Hungbo,Midfielder,,England,15/01/2000,
Neco Williams,Defender,183cm,Wales,13/04/2001,
Deniz Undav,Forward,179cm,Germany,19/07/1996,
Joel Pereira,Goalkeeper,188cm,Portugal,28/06/1996,
Ignacio Pussetto,Forward,180cm,Argentina,21/12/1995,74
Lewis Dobbin,Forward,,England,03/01/2003,
Adalberto PeÃ±aranda,Forward,185cm,Venezuela,31/05/1997,
Matthew Pennington,Defender,185cm,England,06/10/1994,
Sadio ManÃ©,Forward,175cm,Senegal,10/04/1992,69
Anthony Martial,Forward,181cm,France,05/12/1995,
Nathan AkÃ©,Defender,180cm,Netherlands,18/02/1995,75
Jon Stankovic,Defender,190cm,Slovenia,14/01/1996,
Aaron Ramsey,Midfielder,178cm,Wales,26/12/1990,
Martin Kelly,Defender,191cm,England,27/04/1990,77
John Lundstram,Midfielder,181cm,England,18/02/1994,
Pierre Lees-Melou,Midfielder,185cm,France,25/05/1993,69
Maxime Le Marchand,Defender,185cm,France,11/10/1989,
Neal Maupay,Forward,173cm,France,14/08/1996,69
Aleix GarcÃ­a,Midfielder,173cm,Spain,28/06/1997,
Aaron Wan-Bissaka,Defender,183cm,England,26/11/1997,72
Nathaniel Mendez-Laing,Midfielder,180cm,England,15/04/1992,
Josh Pask,Defender,187cm,England,01/11/1997,
Granit Xhaka,Midfielder,185cm,Switzerland,27/09/1992,82
Melkamu Frauendorf,Midfielder,,Germany,12/01/2004,
Warren O'Hora,Defender,,Ireland,19/04/1999,
Daniel Grimshaw,Goalkeeper,185cm,England,16/01/1998,
Rajiv van La Parra,Midfielder,181cm,Netherlands,04/06/1991,
Magnus Norman,Goalkeeper,192cm,England,19/01/1997,
Brandon Pierrick,Forward,182cm,England,10/12/2001,
Luke Shaw,Defender,185cm,England,12/07/1995,75
Max Lowe,Defender,175cm,England,11/05/1997,
Rhian Brewster,Forward,180cm,England,01/04/2000,
Austin Samuels,Forward,,England,20/11/2000,
Albert Adomah,Midfielder,185cm,Ghana,13/12/1987,
Isaac Price,Forward,,Northern Ireland,26/09/2003,
Idrissa Gueye,Midfielder,174cm,Senegal,26/09/1989,
Ibrahima CissÃ©,Midfielder,184cm,Guinea,28/02/1994,
Stephen Ward,Defender,184cm,Ireland,20/08/1985,
Adama TraorÃ©,Forward,178cm,Spain,25/01/1996,
Cole Palmer,Midfielder,,England,06/05/2002,
Jack Robinson,Defender,168cm,England,01/09/1993,
Joseph McGlynn,Forward,,Scotland,27/09/2002,
Alisson,Goalkeeper,191cm,Brazil,02/10/1992,91
Eric Bailly,Defender,187cm,Cote Dâ€™Ivoire,12/04/1994,77
RaphaÃ«l Varane,Defender,191cm,France,25/04/1993,81
Dusan Tadic,Forward,181cm,Serbia,20/11/1988,
Anthony Knockaert,Midfielder,172cm,France,20/11/1991,
Frank Onyeka,Midfielder,183cm,Nigeria,01/01/1998,
Jordan Stevens,Forward,178cm,England,25/03/2000,
Aaron Ramsdale,Goalkeeper,188cm,England,14/05/1998,77
Ryan Sessegnon,Midfielder,178cm,England,18/05/2000,70
Zak Swanson,Defender,,England,28/09/2000,
George Lewis,Forward,,Rwanda,16/06/2000,
Christopher Schindler,Defender,188cm,Germany,29/04/1990,
Jordan Graham,Midfielder,182cm,England,05/03/1995,
Mario Vrancic,Midfielder,187cm,Bosnia & Herzegovina,23/05/1989,
Aron Gunnarsson,Midfielder,178cm,Iceland,22/04/1989,
Charlie Savage,Midfielder,,Wales,02/05/2003,
Chris LÃ¶we,Defender,175cm,Germany,16/04/1989,
Fabinho,Midfielder,188cm,Brazil,23/10/1993,78
Tom Cairney,Midfielder,186cm,Scotland,20/01/1991,
Taylor Richards,Midfielder,180cm,England,04/12/2000,
Kamil Conteh,Midfielder,177cm,England,26/12/2002,
James Bree,Defender,172cm,England,11/12/1997,
Aaron Rowe,Forward,,England,07/09/2000,
Josh Felix-Eppiah,Forward,179cm,Belgium,11/10/1998,
Ovie Ejaria,Midfielder,183cm,England,18/11/1997,
Lewis Brunt,Midfielder,,England,06/11/2000,
Dean Whitehead,Midfielder,180cm,England,12/01/1982,
Iker Pozo,Midfielder,,Spain,06/08/2000,
Kiko Casilla,Goalkeeper,190cm,Spain,02/10/1986,
Abdelhamid Sabiri,Midfielder,186cm,Germany,28/11/1996,
Patrick Bamford,Forward,185cm,England,05/09/1993,71
Lovre Kalinic,Goalkeeper,201cm,Croatia,03/04/1990,
Mamadou Sakho,Defender,187cm,France,13/02/1990,
Scott Malone,Defender,189cm,England,25/03/1991,
Grant Hanley,Defender,187cm,Scotland,20/11/1991,81
Ben Winterbottom,Goalkeeper,,England,16/07/2001,
Marcus Forss,Forward,182cm,Finland,18/06/1999,
Caleb Watts,Midfielder,171cm,Australia,16/01/2002,
Laurent Depoitre,Forward,191cm,Belgium,07/12/1988,
Sylvain Deslandes,Defender,178cm,France,25/04/1997,
Daniel Sturridge,Forward,188cm,England,01/09/1989,
Viljami Sinisalo,Goalkeeper,,Finland,11/10/2001,
Joe Bryan,Defender,173cm,England,17/09/1993,
Pierre-Emerick Aubameyang,Forward,187cm,Gabon,18/06/1989,
Christoph Zimmermann,Defender,194cm,Germany,12/01/1993,92
Thomas O'Connor,Midfielder,,Ireland,21/04/1999,
Ken Sema,Midfielder,180cm,Sweden,30/09/1993,69
Scott Dann,Defender,188cm,England,14/02/1987,
Ben Heneghan,Defender,191cm,England,19/09/1993,
Charlie Goode,Defender,196cm,England,03/08/1995,
Ian Maatsen,Defender,167cm,Netherlands,10/03/2002,
Liam Rosenior,Defender,178cm,England,09/07/1984,
Sam Gallagher,Forward,194cm,England,15/09/1995,
Joseph Anderson,Defender,,England,06/02/2001,
Andreas Christensen,Defender,187cm,Denmark,10/04/1996,82
Miguel Azeez,Midfielder,,England,20/09/2002,
Niki MÃ¤enpÃ¤Ã¤,Goalkeeper,190cm,Finland,23/01/1985,
Alfie Whiteman,Goalkeeper,189cm,England,02/10/1998,
Harry Tyrer,Goalkeeper,,England,06/12/2001,
JesÃºs GÃ¡mez,Defender,177cm,Spain,10/04/1985,
Fraser Forster,Goalkeeper,201cm,England,17/03/1988,93
Rico Henry,Defender,170cm,England,08/07/1997,67
David Martin,Goalkeeper,185cm,England,22/01/1986,85
Jack O'Connell,Defender,190cm,England,29/03/1994,
Christian NÃ¸rgaard,Midfielder,187cm,Denmark,10/03/1994,76
Jed Steer,Goalkeeper,183cm,England,23/09/1992,
Josh Feeney,Midfielder,,England,06/05/2005,
Michal Karbownik,Defender,,Poland,13/03/2001,
Viktor Johansson,Goalkeeper,186cm,Sweden,14/09/1998,
Charlie Gilmour,Midfielder,171cm,Scotland,11/02/1999,
Dylan Levitt,Midfielder,180cm,Wales,17/11/2000,
Djibril SidibÃ©,Defender,182cm,France,29/07/1992,
Gavin Bazunu,Goalkeeper,189cm,Ireland,20/02/2002,
Nathan Shepperd,Goalkeeper,,Wales,10/09/2000,
James Justin,Defender,183cm,England,23/02/1998,80
William Saliba,Defender,192cm,France,24/03/2001,
Josh Knight,Defender,185cm,England,07/09/1997,
Finley Burns,Defender,,England,17/06/2003,
Brooklyn Genesini,Defender,,England,12/12/2001,
Jacob Murphy,Midfielder,179cm,England,24/02/1995,74
Tanguy Ndombele,Midfielder,181cm,France,28/12/1996,
Conor Hourihane,Midfielder,180cm,Ireland,02/02/1991,
Teddy Jenks,Midfielder,191cm,England,12/03/2002,
Mason Barrett,Defender,,England,24/09/1999,
Enock Mwepu,Midfielder,184cm,Zambia,01/01/1998,76
Jake Hesketh,Midfielder,168cm,England,27/03/1996,
Bjorn Hardley,Defender,,Netherlands,19/12/2002,
FlÃ¡vio CristÃ³vÃ£o,Defender,185cm,Portugal,23/05/1997,
Pepe Reina,Goalkeeper,188cm,Spain,31/08/1982,
Nabili Zoubdi Touaizi,Forward,,Morocco,01/02/2001,
Takehiro Tomiyasu,Defender,188cm,Japan,05/11/1998,70
Nathan Young-Coombes,Forward,,England,15/01/2003,
Sam Vokes,Forward,186cm,Wales,21/10/1989,
Patrick Roberts,Midfielder,168cm,England,05/02/1997,
William Osula,Forward,,Denmark,04/08/2003,
Michael Folivi,Forward,180cm,England,25/02/1998,
Shkodran Mustafi,Defender,184cm,Germany,17/04/1992,
Martin Ã˜degaard,Midfielder,178cm,Norway,17/12/1998,68
Lucas BergstrÃ¶m,Goalkeeper,,Finland,05/09/2002,
Dale Stephens,Midfielder,169cm,England,12/06/1989,71
IkÃ© Ugbo,Forward,184cm,Canada,21/09/1998,
Troy Parrott,Forward,185cm,Ireland,04/02/2002,
Islam Slimani,Forward,188cm,Algeria,18/06/1988,
Diego Llorente,Defender,186cm,Spain,16/08/1993,75
Victor LindelÃ¶f,Defender,187cm,Sweden,17/07/1994,80
Sonny Perkins,Midfielder,,England,10/02/2004,
JÃ©rÃ©mie Boga,Forward,172cm,Cote Dâ€™Ivoire,03/01/1997,
Demarai Gray,Forward,180cm,England,28/06/1996,74
Danny Drinkwater,Midfielder,178cm,England,05/03/1990,
Ondrej Duda,Midfielder,181cm,Slovakia,05/12/1994,
Vicente Iborra,Midfielder,190cm,Spain,16/01/1988,
Joe Ralls,Midfielder,183cm,England,12/10/1993,
Oskar Buur,Defender,180cm,Denmark,31/03/1998,
JesÃºs Vallejo,Defender,184cm,Spain,05/01/1997,
Marcin Bulka,Goalkeeper,199cm,Poland,04/10/1999,
Robert Huth,Defender,191cm,Germany,18/08/1984,
Beram Kayal,Midfielder,178cm,Israel,02/05/1988,
Rui PatrÃ­cio,Goalkeeper,190cm,Portugal,15/02/1988,
Michael McGovern,Goalkeeper,191cm,Northern Ireland,12/07/1984,89
Stuart McKinstry,Midfielder,,Scotland,18/09/2002,
Rafa Mir,Forward,191cm,Spain,18/06/1997,
Ethan Pinnock,Defender,187cm,Jamaica,29/05/1993,79
Craig Cathcart,Defender,188cm,Northern Ireland,06/02/1989,73
Reece Oxford,Defender,193cm,England,16/12/1998,
Aleksandar Mitrovic,Forward,189cm,Serbia,16/09/1994,
Kieran Trippier,Defender,178cm,England,19/09/1990,71
Isaiah Brown,Midfielder,182cm,England,07/01/1997,
Kamal Sowah,Midfielder,179cm,Ghana,09/01/2000,
Jordan Pickford,Goalkeeper,185cm,England,07/03/1994,77
Louie Barry,Forward,,England,21/06/2003,
Matthew Longstaff,Midfielder,,England,21/03/2000,
Sofiane Boufal,Midfielder,170cm,Morocco,17/09/1993,
Jordan Williams,Defender,179cm,England,22/10/1999,
Adam Federici,Goalkeeper,188cm,Australia,31/01/1985,
Kepa Arrizabalaga,Goalkeeper,189cm,Spain,03/10/1994,84
Jannik Vestergaard,Defender,199cm,Denmark,03/08/1992,98
Yanic-Sonny Wildschut,Forward,187cm,Suriname,01/11/1991,
Aaron Pressley,Forward,189cm,Scotland,07/11/2001,
Malachi Boateng,Midfielder,,England,05/07/2002,
Leighton Baines,Defender,170cm,England,11/12/1984,
Jack Wells-Morrison,Midfielder,,England,18/02/2004,
Joselu,Forward,192cm,Spain,27/03/1990,
Marc Cucurella,Defender,172cm,Spain,22/07/1998,66
Ryan Bennett,Defender,188cm,England,06/03/1990,
Jordan Rhodes,Forward,185cm,Scotland,05/02/1990,
Markus Suttner,Defender,179cm,Austria,16/04/1987,
Jordi Osei-Tutu,Defender,176cm,England,02/10/1998,
Tony Gallacher,Defender,173cm,Scotland,23/07/1999,
Mark McGuinness,Defender,194cm,Ireland,05/01/2001,
Jeong Sang-Bin,Forward,173cm,South Korea,01/04/2002,
Andrew Surman,Midfielder,178cm,England,20/08/1986,
Mark Helm,Midfielder,,England,21/10/2001,
Kallum Cesay,Defender,,England,04/09/2002,
Wesley Moraes,Forward,191cm,Brazil,26/11/1996,
Lewis Baker,Midfielder,182cm,England,25/04/1995,
Sergio Romero,Goalkeeper,192cm,Argentina,22/02/1987,
Adam Forshaw,Midfielder,174cm,England,08/10/1991,71
Luciano Vietto,Forward,174cm,Argentina,05/12/1993,
Levi Lumeka,Forward,170cm,England,05/09/1998,
Jermain Defoe,Forward,171cm,England,07/10/1982,
Luke Matheson,Defender,,England,02/10/2002,
Caolan Lavery,Forward,180cm,Northern Ireland,22/10/1992,
Rachid Ghezzal,Midfielder,182cm,Algeria,09/05/1992,
Reda Khadra,Midfielder,,Germany,04/07/2001,
Kyle Scott,Midfielder,172cm,United States,22/12/1997,
Richard Stearman,Defender,191cm,England,19/08/1987,
Sam Woods,Defender,,England,11/09/1998,
Toti,Defender,187cm,Portugal,16/01/1999,72
Anthony Mancini,Midfielder,180cm,France,06/04/2001,
JosÃ© SÃ¡,Goalkeeper,192cm,Portugal,17/01/1993,84
Ezri Konsa,Defender,183cm,England,23/10/1997,77
Dynel Simeu,Defender,186cm,England,13/03/2002,
DeAndre Yedlin,Defender,172cm,United States,09/07/1993,
Daniel Atherton,Goalkeeper,,England,18/12/1999,
Diego Cavalieri,Goalkeeper,189cm,Brazil,01/12/1982,
Borja BastÃ³n,Forward,186cm,Spain,25/08/1992,
Jason David Ian Puncheon,Midfielder,173cm,England,18/06/1986,
Mamadou Dialla Sylla,Midfielder,179cm,Spain,26/01/2003,
Marouane Fellaini,Midfielder,194cm,Belgium,22/11/1987,
Vitalii Mykolenko,Defender,180cm,Ukraine,29/05/1999,71
Phil Foden,Midfielder,171cm,England,28/05/2000,70
TrincÃ£o,Forward,184cm,Portugal,29/12/1999,70
Bryan Gil,Forward,175cm,Spain,11/02/2001,
Matheus Pereira,Midfielder,175cm,Brazil,05/05/1996,
Jonathan Leko,Forward,182cm,England,24/04/1999,
Paul Gladon,Forward,188cm,Netherlands,18/03/1992,
Bertrand TraorÃ©,Forward,181cm,Burkina Faso,06/09/1995,73
Fabian Delph,Midfielder,174cm,England,21/11/1989,60
Douglas Luiz,Midfielder,175cm,Brazil,09/05/1998,66
ÃdÃ¡m BogdÃ¡n,Goalkeeper,193cm,Hungary,27/09/1987,
Omari Hutchinson,Midfielder,,England,29/10/2003,
Joel Mumbongo,Forward,188cm,Sweden,09/01/1999,
Callum Paterson,Forward,183cm,Scotland,13/10/1994,
Brian Murphy,Goalkeeper,183cm,Ireland,07/05/1983,
Jake Cain,Midfielder,,England,02/09/2001,
Erik Pieters,Defender,183cm,Netherlands,07/08/1988,84
Lys Mousset,Forward,184cm,France,08/02/1996,
Andre Green,Forward,180cm,England,26/07/1998,
Harrison Reed,Midfielder,181cm,England,27/01/1995,
Dan Gosling,Midfielder,183cm,England,01/02/1990,79
Ryan Fraser,Midfielder,163cm,Scotland,24/02/1994,70
Maduka Okoye,Goalkeeper,197cm,Nigeria,28/08/1999,
Ryan Fredericks,Defender,181cm,England,10/10/1992,74
Rayhaan Tulloch,Forward,178cm,England,20/01/2001,
Jarrod Bowen,Forward,175cm,England,20/12/1996,70
Lewis Grabban,Forward,183cm,England,12/01/1988,
Luke Daniels,Goalkeeper,185cm,England,05/01/1988,
Demetri Mitchell,Defender,181cm,England,11/01/1997,
Luka Racic,Defender,,Denmark,08/05/1999,
Harvey Elliott,Midfielder,170cm,England,04/04/2003,
Nathan Patterson,Defender,183cm,Scotland,16/10/2001,72
Daniel Amartey,Defender,186cm,Ghana,21/12/1994,79
SÃ©bastien Haller,Forward,190cm,Cote Dâ€™Ivoire,22/06/1994,
Albian Ajeti,Forward,183cm,Switzerland,26/02/1997,
Nathan Harker,Goalkeeper,,England,05/11/1998,
Valentino Livramento,Defender,,England,12/11/2002,
Rodri,Midfielder,191cm,Spain,22/06/1996,82
Lucas Piazon,Midfielder,182cm,Brazil,20/01/1994,
Victor Wanyama,Midfielder,188cm,Kenya,25/06/1991,
Winston Reid,Defender,190cm,New Zealand,03/07/1988,
Tyrese Francois,Midfielder,166cm,Australia,16/07/2000,
Karl Hein,Goalkeeper,193cm,Estonia,13/04/2002,
Sylvester Jasper,Forward,,Bulgaria,13/09/2001,
Stuart Armstrong,Midfielder,183cm,Scotland,30/03/1992,75
Vontae Daley-Campbell,Defender,,England,02/04/2001,
VÃ­ctor Camarasa,Midfielder,183cm,Spain,28/05/1994,
Daniel Lafferty,Defender,180cm,Northern Ireland,18/05/1989,
Didier Ndong,Midfielder,179cm,Gabon,17/06/1994,
Jamie Cumming,Goalkeeper,186cm,England,04/09/1999,
Sergi CanÃ³s,Forward,177cm,Spain,02/02/1997,75
Kacper Kozlowski,Midfielder,177cm,Poland,16/10/2003,
Kamarai Simon-Swyer,Forward,,England,04/12/2002,
Marco van Ginkel,Midfielder,180cm,Netherlands,01/12/1992,
Peter Crouch,Forward,201cm,England,30/01/1981,
Bali Mumba,Defender,,England,01/10/2001,
Morgan Gibbs-White,Midfielder,171cm,England,27/01/2000,
Alex Gilbert,Forward,,Ireland,28/12/2001,
Niall Ennis,Forward,180cm,England,20/05/1999,
Alan Hutton,Defender,185cm,Scotland,30/11/1984,
Laurent Koscielny,Defender,186cm,France,10/09/1985,
RaÃºl JimÃ©nez,Forward,190cm,Mexico,05/05/1991,76
Florin Andone,Forward,180cm,Romania,11/04/1993,
Eric Dier,Defender,188cm,England,15/01/1994,88
James Ward-Prowse,Midfielder,173cm,England,01/11/1994,66
Sam Graham,Defender,,England,13/08/2000,
Derek Agyakwa,Defender,,Netherlands,19/12/2001,
Romaine Sawyers,Midfielder,175cm,St. Kitts & Nevis,02/11/1991,
Gabriel Martinelli,Midfielder,178cm,Brazil,18/06/2001,75
Ulrick Eneme-Ella,Forward,184cm,Gabon,22/05/2001,
Oliver Ewing,Midfielder,,Wales,03/01/2003,
Ayoze PÃ©rez,Forward,178cm,Spain,29/07/1993,72
Ahmed El Mohamady,Defender,183cm,Egypt,09/09/1987,
Christian Pulisic,Midfielder,172cm,United States,18/09/1998,69
Micah Hamilton,Midfielder,,England,13/11/2003,
JÃ³hann Gudmundsson,Midfielder,186cm,Iceland,27/10/1990,78
James McCarthy,Midfielder,180cm,Ireland,12/11/1990,
Adam Armstrong,Forward,172cm,England,10/02/1997,69
David Parkhouse,Forward,,Northern Ireland,24/10/1999,
Sam Field,Midfielder,191cm,England,08/05/1998,
Yasser Larouci,Defender,176cm,France,01/01/2001,
Callum Rowe,Defender,,England,02/09/1999,
Henrik Dalsgaard,Defender,192cm,Denmark,27/07/1989,
Archie Davies,Defender,,England,07/10/1998,
Pedro Obiang,Midfielder,185cm,Equatorial Guinea,27/03/1992,
John Stones,Defender,188cm,England,28/05/1994,70
Sebastian Soto,Forward,183cm,United States,28/07/2000,
Stuart Dallas,Midfielder,183cm,Northern Ireland,19/04/1991,81
Aaron Mooy,Midfielder,174cm,Australia,15/09/1990,
Ki-Jana Hoever,Midfielder,180cm,Netherlands,18/01/2002,65
Gareth Bale,Forward,185cm,Wales,16/07/1989,
Philip Zinckernagel,Forward,175cm,Denmark,16/12/1994,
Erik Lamela,Midfielder,181cm,Argentina,04/03/1992,
Josh Martin,Midfielder,,England,09/09/2001,
Kamil Grabara,Goalkeeper,195cm,Poland,08/01/1999,
Leon Bailey,Forward,178cm,Jamaica,09/08/1997,77
Samuel Edozie,Forward,,England,28/01/2003,
Jack Butland,Goalkeeper,196cm,England,10/03/1993,95
Emiliano MartÃ­nez,Goalkeeper,195cm,Argentina,02/09/1992,88
AdriÃ¡n,Goalkeeper,190cm,Spain,03/01/1987,80
Kadeem Harris,Midfielder,175cm,England,08/06/1993,
Yerson Mosquera,Defender,187cm,Colombia,02/05/2001,76
Lewis Gordon,Defender,,England,12/02/2001,
Guido Carrillo,Forward,191cm,Argentina,25/05/1991,
Marc Pugh,Midfielder,180cm,England,02/04/1987,
Alex KrÃ¡l,Midfielder,185cm,Czech Republic,19/05/1998,72
Edinson Cavani,Forward,184cm,Uruguay,14/02/1987,71
Chris Basham,Defender,190cm,England,20/07/1988,
George Thomas,Midfielder,173cm,Wales,24/03/1997,
Albert Sambi Lokonga,Midfielder,173cm,Belgium,22/10/1999,67
Jack Colback,Midfielder,177cm,England,24/10/1989,
Davy Klaassen,Midfielder,179cm,Netherlands,21/02/1993,
Jonathan Walters,Forward,183cm,Ireland,20/09/1983,
Mohammed Salisu,Defender,191cm,Ghana,17/04/1999,82
Daniel Oyegoke,Defender,,England,03/01/2003,
Ashley Young,Defender,175cm,England,09/07/1985,65
Malang Sarr,Defender,182cm,France,23/01/1999,73
Kiernan Dewsbury-Hall,Midfielder,,England,06/09/1998,
SaÃ¯d Benrahma,Forward,172cm,Algeria,10/08/1995,67
Jeremy Ngakia,Defender,,England,07/09/2000,
Jonathan Bond,Goalkeeper,196cm,England,19/05/1993,
MarÃ§al,Defender,178cm,Brazil,19/02/1989,74
Charlie Austin,Forward,188cm,England,05/07/1989,
Henri Lansbury,Midfielder,183cm,England,12/10/1990,
Mateo Kovacic,Midfielder,178cm,Croatia,06/05/1994,78
Hannibal Mejbri,Midfielder,177cm,Tunisia,21/01/2003,
Bukayo Saka,Midfielder,178cm,England,05/09/2001,65
Christoph Klarer,Midfielder,191cm,Austria,14/06/2000,
Bendeguz Bolla,Defender,,Hungary,22/11/1999,
Ciaran Clark,Defender,185cm,Ireland,26/09/1989,88
Allan,Midfielder,175cm,Brazil,03/03/1997,
